Date,Symbol,Open,High,Low,Close,S_R1,S_R2,sma50,MA50,sma20,MA20,WOpen,WHigh,WLow,WClose,S3,S2,S1,PP,R1,R2,R3,WS3,WS2,WS1,WPP,WR1,WR2,WR3
2023-07-13,ABB,4544.75,4558.0,4395.0,4407.2998046875,4488.7001953125,4216.2998046875,4129.76400390625,Asc50,4364.7650146484375,Asc20,4414.85009765625,4558.0,4350.0,4407.2998046875,4185.866536458334,4290.433268229167,4348.866536458334,4453.433268229167,4511.866536458334,4616.433268229168,4674.866536458334,4110.866536458334,4230.433268229167,4318.866536458334,4438.433268229167,4526.866536458334,4646.433268229168,4734.866536458334
2023-07-13,ACC,1790.0,1796.5,1764.300048828125,1770.5,1867.0,2656.85009765625,1801.6060034179689,Asc50,1810.652490234375,ForD,1792.0,1807.0,1764.1500244140625,1770.5,1725.5000813802085,1744.9000651041667,1757.7000325520835,1777.1000162760417,1789.8999837239585,1809.299967447917,1822.0999348958335,1711.250040690104,1737.7000325520833,1754.1000162760415,1780.5500081380208,1796.949991861979,1823.399983723958,1839.7999674479165
2023-07-13,AUBANK,773.0499877929688,784.7000122070312,758.7000122070312,760.2000122070312,758.0,795.0,751.5870031738282,Asc50,761.8024993896485,ForD,761.9500122070312,784.7000122070312,750.5,760.2000122070312,725.0333455403645,741.8666788736979,751.0333455403645,767.8666788736979,777.0333455403645,793.8666788736978,803.0333455403645,711.3666585286458,730.9333292643229,745.566670735677,765.1333414713541,779.7666829427083,799.3333536783853,813.9666951497395
2023-07-13,ABBOTINDIA,23600.0,23678.05078125,23300.0,23392.55078125,22444.0,23300.0,22265.9160546875,Asc50,23067.2525390625,Asc20,23500.0,23850.0,23283.75,23392.55078125,22857.6328125,23078.81640625,23235.68359375,23456.8671875,23613.734375,23834.91796875,23991.78515625,22601.283854166664,22942.516927083332,23167.533854166664,23508.766927083332,23733.783854166664,24075.01692708333,24300.033854166664
2023-07-13,ADANIENT,2397.0,2405.699951171875,2355.550048828125,2362.050048828125,2449.949951171875,2759.449951171875,2304.32599609375,Asc50,2381.9349853515623,ForD,2392.800048828125,2462.699951171875,2355.0,2362.050048828125,2293.016845703125,2324.283447265625,2343.166748046875,2374.433349609375,2393.316650390625,2424.583251953125,2443.466552734375,2216.10009765625,2285.550048828125,2323.800048828125,2393.25,2431.5,2500.949951171875,2539.199951171875
2023-07-13,ADANIGREEN,960.0,970.0,945.0,947.0499877929688,2200.0,2317.85009765625,950.0549963378907,Asc50,959.0649963378906,ForD,959.8499755859376,973.0,935.25,947.0499877929688,913.0333251953125,929.0166625976562,938.0333251953125,954.0166625976562,963.0333251953125,979.0166625976562,988.0333251953125,892.7833251953125,914.0166625976562,930.5333251953125,951.7666625976562,968.2833251953125,989.5166625976562,1006.0333251953125
2023-07-13,ADANIPORTS,724.9500122070312,729.25,715.0,717.2000122070312,854.4000244140625,924.6500244140624,722.6919982910156,Asc50,732.2925048828125,ForD,722.0,732.4500122070312,708.0,717.2000122070312,697.4666748046875,706.2333374023438,711.7166748046875,720.4833374023438,725.9666748046875,734.7333374023438,740.2166748046875,681.5333251953125,694.7666625976562,705.9833374023438,719.2166748046875,730.433349609375,743.6666870117188,754.8833618164062
2023-07-13,ADANIPOWER,242.25,242.9499969482422,235.8500061035156,237.1999969482422,140.8000030517578,377.7999877929688,251.49099975585938,Asc50,251.135001373291,ForD,244.6999969482422,249.3500061035156,235.8500061035156,237.1999969482422,227.28334554036454,231.56667582194007,234.38333638509113,238.66666666666666,241.48332722981772,245.76665751139322,248.5833180745443,218.75000000000003,227.3000030517578,232.25000000000003,240.8000030517578,245.75000000000003,254.30000305175784,259.25
2023-07-13,ATGL,638.0,638.0,630.0,630.25,3999.0,3382.199951171875,705.8190002441406,ForD,648.9725006103515,ForD,640.0,651.9500122070312,630.0,630.25,619.5,624.75,627.5,632.75,635.5,640.75,643.5,600.8999837239583,615.4499918619791,622.8499959309895,637.4000040690104,644.8000081380208,659.3500162760415,666.750020345052
2023-07-13,ADANITRANS,757.9000244140625,757.9000244140625,743.0499877929688,745.2000122070312,2704.0,3228.0,821.0439990234376,ForD,777.0975006103515,ForD,755.0,764.0,743.0499877929688,745.2000122070312,724.6832885742188,733.8666381835938,739.5333251953125,748.7166748046875,754.3833618164062,763.5667114257812,769.2333984375,716.5499877929688,729.7999877929688,737.5,750.75,758.4500122070312,771.7000122070312,779.4000244140625
2023-07-13,AWL,402.1000061035156,404.0,397.0,398.75,408.3500061035156,383.25,415.9139990234375,ForD,409.63000030517577,ForD,403.8999938964844,407.8999938964844,396.2999877929688,398.75,388.83333333333337,392.9166666666667,395.83333333333337,399.9166666666667,402.83333333333337,406.91666666666674,409.83333333333337,382.46665445963544,389.3833211263021,394.066660563151,400.9833272298177,405.6666666666666,412.5833333333332,417.26667277018214
2023-07-13,ABCAPITAL,190.0,192.0,186.3000030517578,187.4499969482422,199.3000030517578,182.0,175.6270001220703,Asc50,185.04000091552734,Asc20,190.8000030517578,192.0,183.25,187.4499969482422,179.4666697184245,182.88333638509116,185.16666666666669,188.58333333333334,190.86666361490887,194.28333028157556,196.56666056315106,174.38333129882812,178.81666564941406,183.13333129882812,187.56666564941406,191.88333129882812,196.31666564941406,200.63333129882812
2023-07-13,ABFRL,214.8000030517578,217.8000030517578,211.6000061035156,216.6000061035156,240.0,351.75,205.98100006103516,ForD,211.97749862670898,Asc20,215.4499969482422,221.3999938964844,209.6000061035156,216.6000061035156,206.66667683919266,209.13334147135413,212.86667378743488,215.33333841959634,219.0666707356771,221.53333536783853,225.2666676839193,198.53335571289054,204.06668090820307,210.33334350585935,215.86666870117188,222.13333129882815,227.66665649414065,233.93331909179696
2023-07-13,ALKEM,3525.10009765625,3550.0,3495.0,3511.14990234375,4070.0,3610.60009765625,3416.24599609375,Asc50,3446.557470703125,Asc20,3492.39990234375,3550.0,3475.0,3511.14990234375,3432.433268229167,3463.7166341145835,3487.433268229167,3518.7166341145835,3542.433268229167,3573.716634114584,3597.433268229167,3399.099934895833,3437.0499674479165,3474.099934895833,3512.0499674479165,3549.099934895833,3587.049967447916,3624.099934895833
2023-07-13,AMBUJACEM,421.5499877929688,422.6499938964844,414.6499938964844,416.8999938964844,461.5,354.29998779296875,428.9449981689453,Asc50,434.67500000000007,ForD,419.0,424.8500061035156,412.0499877929688,416.8999938964844,405.48332722981775,410.06666056315106,413.48332722981775,418.06666056315106,421.48332722981775,426.0666605631511,429.48332722981775,398.2166341145834,405.1333109537761,411.01665242513025,417.93332926432294,423.81667073567706,430.7333475748698,436.6166890462239
2023-07-13,APOLLOHOSP,5289.89990234375,5289.89990234375,5168.0,5182.0,5294.0,4320.0,4876.154990234375,Asc50,5145.57998046875,Asc20,5179.85009765625,5289.89990234375,5110.75,5182.0,5014.800130208334,5091.400065104167,5136.700032552084,5213.299967447917,5258.599934895834,5335.199869791668,5380.499837239584,4919.383463541666,5015.066731770833,5098.533365885416,5194.216634114583,5277.683268229166,5373.366536458332,5456.833170572916
2023-07-13,APOLLOTYRE,434.0,434.3999938964844,423.2999877929688,424.5499877929688,394.0499877929688,427.6000061035156,394.6000006103516,Asc50,411.7950012207031,Asc20,422.0,436.5,419.3999938964844,424.5499877929688,409.3333129882813,416.31665039062506,420.4333190917969,427.4166564941406,431.53332519531244,438.5166625976562,442.633331298828,400.0333150227865,409.71665445963544,417.1333211263021,426.81666056315106,434.23332722981775,443.91666666666674,451.33333333333337
2023-07-13,ASHOKLEY,170.64999389648438,173.0,169.0500030517578,170.3000030517578,173.89999389648438,167.5,155.89399993896484,Asc50,164.96999969482422,Asc20,164.14999389648438,173.0,162.10000610351562,170.3000030517578,164.61667378743488,166.83333841959634,168.56667073567706,170.78333536783853,172.51666768391925,174.7333323160807,176.46666463216144,153.03334554036456,157.5666758219401,163.93333943684894,168.46666971842447,174.83333333333331,179.36666361490882,185.7333272298177
2023-07-13,ASIANPAINT,3425.0,3425.0,3384.35009765625,3398.550048828125,3582.89990234375,3505.0,3219.528994140625,Asc50,3339.427490234375,Asc20,3345.0,3425.0,3293.949951171875,3398.550048828125,3339.616861979167,3361.9834798177085,3380.266764322917,3402.6333821614585,3420.916666666667,3443.283284505209,3461.566569010417,3188.949951171875,3241.449951171875,3320.0,3372.5,3451.050048828125,3503.550048828125,3582.10009765625
2023-07-13,ASTRAL,1866.949951171875,1866.949951171875,1820.0,1846.1500244140625,1927.4000244140625,1991.0999755859373,1813.2169995117188,Asc50,1913.0325073242188,ForD,1798.949951171875,1866.949951171875,1772.75,1846.1500244140625,1774.8334147135415,1797.4167073567708,1821.7833658854165,1844.3666585286458,1868.7333170572915,1891.3166097005205,1915.6832682291665,1696.0834147135415,1734.4167073567708,1790.2833658854165,1828.6166585286458,1884.4833170572915,1922.8166097005205,1978.6832682291665
2023-07-13,AUROPHARMA,742.4000244140625,742.9000244140625,720.5499877929688,724.4000244140625,434.4500122070313,554.8499755859375,664.4580017089844,Asc50,712.9900024414062,Asc20,750.7999877929688,751.5999755859375,720.5499877929688,724.4000244140625,693.316630045573,706.9333089192709,715.6666666666667,729.2833455403646,738.0167032877605,751.6333821614585,760.3667399088542,681.7166951497395,701.1333414713541,712.7666829427083,732.1833292643229,743.816670735677,763.2333170572915,774.8666585286458
2023-07-13,DMART,3823.0,3828.0,3795.0,3821.64990234375,3731.89990234375,3352.0,3671.9430078125,Asc50,3865.8400024414063,Asc20,3810.0,3850.0,3757.0,3821.64990234375,3768.7666015625,3781.88330078125,3801.7666015625,3814.88330078125,3834.7666015625,3847.88330078125,3867.7666015625,3676.099934895833,3716.5499674479165,3769.099934895833,3809.5499674479165,3862.099934895833,3902.549967447916,3955.099934895833
2023-07-13,AXISBANK,956.2999877929688,966.0,952.1500244140624,960.1500244140624,990.0,843.9500122070312,943.3670007324218,Asc50,969.4525024414063,ForD,976.7000122070312,986.0,947.0,960.1500244140624,939.0167236328124,945.5833740234374,952.86669921875,959.433349609375,966.7166748046876,973.2833251953126,980.5666503906252,903.7666829427083,925.3833414713541,942.7666829427083,964.3833414713541,981.7666829427083,1003.383341471354,1020.7666829427083
2023-07-13,BAJAJ-AUTO,4921.0,4990.0,4849.85009765625,4866.4501953125,4829.89990234375,4628.85009765625,,ForD,,ForD,4849.0,4990.0,4845.0498046875,4866.4501953125,4674.05029296875,4761.9501953125,4814.2001953125,4902.10009765625,4954.35009765625,5042.25,5094.5,4666.0498046875,4755.5498046875,4811.0,4900.5,4955.9501953125,5045.4501953125,5100.900390625
2023-07-13,BAJFINANCE,7469.9501953125,7522.89990234375,7416.0,7474.60009765625,5837.2001953125,5488.0,,ForD,,ForD,7622.35009765625,7680.0,7381.0,7474.60009765625,7312.533528645834,7364.266764322917,7419.433430989584,7471.166666666667,7526.333333333334,7578.066569010418,7633.233235677084,7044.7333984375,7212.86669921875,7343.7333984375,7511.86669921875,7642.7333984375,7810.86669921875,7941.7333984375
2023-07-13,BAJAJFINSV,1595.0,1625.0,1595.0,1615.0999755859375,1352.949951171875,1435.0,,ForD,,ForD,1611.949951171875,1632.0,1579.75,1615.0999755859375,1568.3999837239585,1581.6999918619792,1598.3999837239585,1611.6999918619792,1628.3999837239585,1641.6999918619795,1658.3999837239585,1533.6499837239585,1556.6999918619792,1585.8999837239585,1608.9499918619792,1638.1499837239585,1661.1999918619795,1690.3999837239585
2023-07-13,BAJAJHLDNG,7401.2998046875,7434.5,7345.0498046875,7408.39990234375,5840.0,6225.0,,ForD,,ForD,7135.0498046875,7475.0,7046.10009765625,7408.39990234375,7268.016276041666,7306.533040364583,7357.466471354166,7395.983235677083,7446.916666666666,7485.433430989582,7536.366861979166,6715.766764322916,6880.933430989583,7144.666666666666,7309.833333333333,7573.566569010416,7738.733235677082,8002.466471354166
2023-07-13,BALKRISIND,2412.800048828125,2440.0,2373.0,2387.949951171875,1935.0,1996.199951171875,2306.369990234375,Asc50,2382.5399780273438,Asc20,2400.0,2440.0,2276.0,2387.949951171875,2293.63330078125,2333.316650390625,2360.63330078125,2400.316650390625,2427.63330078125,2467.316650390625,2494.63330078125,2131.966634114583,2203.9833170572915,2295.966634114583,2367.9833170572915,2459.966634114583,2531.983317057291,2623.966634114583
2023-07-13,BANDHANBNK,223.8999938964844,223.8999938964844,215.0,215.8000030517578,182.1499938964844,220.0500030517578,245.29500091552734,ForD,235.48500061035156,ForD,231.1999969482422,232.1499938964844,215.0,215.8000030517578,203.66667683919263,209.33333841959632,212.56667073567704,218.23333231608072,221.46666463216144,227.13332621256512,230.36665852864584,192.66667683919263,203.83333841959632,209.81667073567704,220.98333231608072,226.96666463216144,238.13332621256512,244.11665852864584
2023-07-13,BANKBARODA,205.0,206.4499969482422,195.25,197.0,210.8000030517578,198.5500030517578,189.00399993896485,Asc50,196.8925003051758,Asc20,209.75,210.8000030517578,195.25,197.0,181.48333740234375,188.36666870117188,192.68333435058594,199.56666564941406,203.88333129882812,210.76666259765625,215.0833282470703,175.68332926432294,185.46666463216147,191.23333231608075,201.01666768391928,206.78333536783856,216.56667073567712,222.33333841959637
2023-07-13,BANKINDIA,79.5999984741211,80.44999694824219,76.80000305175781,77.25,89.8499984741211,84.30000305175781,75.9629997253418,ForD,75.67999992370605,Asc20,79.9000015258789,80.44999694824219,76.80000305175781,77.25,72.23334248860678,74.5166727701823,75.88333638509116,78.16666666666667,79.53333028157553,81.81666056315106,83.1833241780599,72.23334248860678,74.5166727701823,75.88333638509116,78.16666666666667,79.53333028157553,81.81666056315106,83.1833241780599
2023-07-13,BATAINDIA,1665.0,1670.9000244140625,1640.25,1659.199951171875,2004.9000244140625,2057.25,1590.5540014648439,Asc50,1651.4025024414063,Asc20,1672.25,1700.75,1623.050048828125,1659.199951171875,1612.0166015625,1626.13330078125,1642.6666259765625,1656.7833251953125,1673.316650390625,1687.433349609375,1703.9666748046875,1543.550048828125,1583.300048828125,1621.25,1661.0,1698.949951171875,1738.699951171875,1776.64990234375
2023-07-13,BERGEPAINT,675.7999877929688,677.0,660.5,661.5,598.7999877929688,859.7999877929688,652.8219970703125,Asc50,674.2749969482422,Asc20,671.0999755859375,679.0,658.1500244140625,661.5,639.1666666666667,649.8333333333334,655.6666666666667,666.3333333333334,672.1666666666667,682.8333333333335,688.6666666666667,632.5833740234375,645.36669921875,653.433349609375,666.2166748046875,674.2833251953125,687.066650390625,695.13330078125
2023-07-13,BEL,127.75,128.8000030517578,125.0,125.5,121.0500030517578,89.9000015258789,116.39200073242188,Asc50,123.36750068664551,Asc20,124.1999969482422,128.8000030517578,122.5,125.5,120.26666259765625,122.63333129882812,124.06666564941406,126.43333435058594,127.86666870117188,130.23333740234375,131.6666717529297,116.09999593098959,119.2999979654948,122.3999989827474,125.60000101725261,128.70000203450522,131.90000406901044,135.00000508626303
2023-07-13,BHARATFORG,855.0999755859375,860.5,850.25,858.0999755859375,891.8499755859375,919.4500122070312,804.0529943847656,Asc50,833.9549926757812,Asc20,843.2000122070312,862.9000244140625,839.5,858.0999755859375,841.816650390625,846.0333251953125,852.066650390625,856.2833251953125,862.316650390625,866.5333251953125,872.566650390625,820.699951171875,830.0999755859375,844.0999755859375,853.5,867.5,876.9000244140625,890.9000244140625
2023-07-13,BHEL,94.9000015258789,96.5,91.3499984741211,91.8000030517578,95.3000030517578,87.05000305175781,84.71600006103516,Asc50,88.40750007629394,Asc20,91.75,96.5,90.0999984741211,91.8000030517578,84.78333282470703,88.06666564941406,89.93333435058594,93.21666717529297,95.08333587646484,98.36666870117188,100.23333740234375,82.69999949137369,86.39999898274739,89.1000010172526,92.8000005086263,95.5000025431315,99.20000203450519,101.90000406901041
2023-07-13,BPCL,386.7000122070313,387.6499938964844,378.6499938964844,379.5499877929688,312.20001220703125,370.1000061035156,368.97199768066406,Asc50,375.9349975585938,Asc20,392.0,393.1499938964844,378.6499938964844,379.5499877929688,367.249989827474,372.9499918619792,376.249989827474,381.9499918619792,385.249989827474,390.94999186197924,394.249989827474,359.9166564941406,369.2833251953125,374.4166564941406,383.7833251953125,388.9166564941406,398.2833251953125,403.4166564941406
2023-07-13,BHARTIARTL,891.3499755859375,893.2999877929688,883.25,885.0499877929688,884.1500244140625,798.3499755859375,832.4730029296875,Asc50,861.3650115966797,Asc20,867.0,895.7000122070312,865.0,885.0499877929688,871.0500081380208,877.1500040690104,881.0999959309895,887.1999918619791,891.1499837239583,897.2499796549478,901.199971516927,837.4333089192708,851.2166544596354,868.133321126302,881.9166666666666,898.8333333333333,912.6166788736978,929.5333455403645
2023-07-13,BIOCON,260.3999938964844,261.6499938964844,256.0,257.1499938964844,191.5500030517578,217.3500061035156,246.02899932861328,Asc50,250.7149971008301,Asc20,255.0,262.3500061035156,251.5500030517578,257.1499938964844,249.23333740234375,252.61666870117188,254.88333129882812,258.26666259765625,260.5333251953125,263.9166564941406,266.1833190917969,240.88332621256507,246.21666463216144,251.68332926432288,257.01666768391925,262.4833323160807,267.816670735677,273.2833353678385
2023-07-13,BOSCHLTD,,,,,19850.400390625,17480.05078125,,ForD,,ForD,19850.0,19890.0,19165.0,19515.94921875,,,,,,,,18432.299479166664,18798.649739583332,19157.299479166664,19523.649739583332,19882.299479166664,20248.64973958333,20607.299479166664
2023-07-13,BRITANNIA,5089.89990234375,5148.0,5071.4501953125,5090.35009765625,5270.35009765625,4484.14990234375,4809.974970703125,Asc50,5034.494970703125,Asc20,5073.0,5157.2001953125,4991.5,5090.35009765625,4981.983723958334,5026.716959635417,5058.533528645834,5103.266764322917,5135.083333333334,5179.816569010418,5211.633138020834,4836.466471354166,4913.983235677083,5002.166666666666,5079.683430989583,5167.866861979166,5245.383626302082,5333.567057291666
2023-07-13,CGPOWER,406.8999938964844,408.4500122070313,401.5,403.9500122070313,395.0,362.3999938964844,366.32099853515626,Asc50,381.0274963378907,Asc20,386.4500122070313,408.4500122070313,379.8999938964844,403.9500122070313,393.86665852864576,397.6833292643229,400.81667073567706,404.6333414713542,407.76668294270837,411.5833536783855,414.7166951497397,357.86664835611964,368.883321126302,386.4166666666666,397.43333943684894,414.9666849772135,425.98335774739587,443.51670328776044
2023-07-13,CANBK,333.04998779296875,335.0,319.79998779296875,321.70001220703125,300.5,287.8999938964844,309.18199951171874,Asc50,312.2324981689453,Asc20,335.6000061035156,339.5,319.79998779296875,321.70001220703125,300.79998779296875,310.29998779296875,316.0,325.5,331.20001220703125,340.70001220703125,346.4000244140625,294.79998779296875,307.29998779296875,314.5,327.0,334.20001220703125,346.70001220703125,353.9000244140625
2023-07-13,CHOLAFIN,1154.550048828125,1164.9000244140625,1142.0,1150.800048828125,1214.5999755859375,1069.800048828125,1076.5540002441405,Asc50,1134.675,Asc20,1188.6500244140625,1193.199951171875,1121.4000244140625,1150.800048828125,1117.3333333333335,1129.6666666666667,1140.233357747396,1152.5666910807292,1163.1333821614585,1175.466715494792,1186.033406575521,1045.266805013021,1083.3334147135417,1117.0667317708335,1155.1333414713542,1188.866658528646,1226.933268229167,1260.6665852864585
2023-07-13,CIPLA,1027.8499755859375,1036.0,1018.0499877929688,1020.7000122070312,1124.550048828125,1185.25,972.8040026855468,Asc50,1011.6175079345703,Asc20,1024.0,1036.0,1013.0,1020.7000122070312,995.8833211263022,1006.9666544596355,1013.8333333333335,1024.9166666666667,1031.7833455403647,1042.8666788736982,1049.733357747396,987.4666748046875,1000.2333374023438,1010.4666748046875,1023.2333374023438,1033.4666748046875,1046.2333374023438,1056.4666748046875
2023-07-13,COALINDIA,235.0,235.3000030517578,229.0,229.8999938964844,223.25,263.3999938964844,233.3959994506836,ForD,229.6974983215332,Asc20,235.0,237.3000030517578,229.0,229.8999938964844,221.19999186197919,225.0999959309896,227.499994913737,231.3999989827474,233.7999979654948,237.70000203450525,240.10000101725262,218.5333251953125,223.76666259765625,226.8333282470703,232.06666564941406,235.13333129882812,240.36666870117188,243.43333435058594
2023-07-13,COFORGE,4674.0,4816.2001953125,4656.25,4755.5,3720.0,3218.10009765625,4458.263994140625,Asc50,4645.807543945312,Asc20,4727.0,4816.2001953125,4570.0,4755.5,4509.149739583334,4582.699869791667,4669.099934895834,4742.650065104167,4829.050130208334,4902.600260416668,4989.000325520834,4365.399739583334,4467.699869791667,4611.599934895834,4713.900065104167,4857.800130208334,4960.100260416668,5104.000325520834
2023-07-13,COLPAL,1800.0,1815.0,1785.25,1807.300048828125,1724.0999755859375,1794.8499755859375,1651.4589990234374,Asc50,1709.0124938964843,Asc20,1770.050048828125,1815.0,1752.25,1807.300048828125,1760.2833658854165,1772.7666829427083,1790.0333658854165,1802.5166829427083,1819.7833658854165,1832.266682942708,1849.5333658854165,1705.2833658854165,1728.7666829427083,1768.0333658854165,1791.5166829427083,1830.7833658854165,1854.266682942708,1893.5333658854165
2023-07-13,CONCOR,683.25,686.9500122070312,675.0999755859375,678.3499755859375,625.0,809.9500122070312,657.2370031738282,Asc50,661.9000030517578,ForD,674.9500122070312,686.9500122070312,659.0,678.3499755859375,661.4665934244792,668.2832845052084,673.316630045573,680.1333211263021,685.1666666666667,691.983357747396,697.0167032877605,634.63330078125,646.816650390625,662.5833129882812,674.7666625976562,690.5333251953125,702.7166748046875,718.4833374023438
2023-07-13,COROMANDEL,,,,,1011.7999877929688,1075.0999755859375,,ForD,,ForD,961.9500122070312,968.0999755859376,951.0999755859376,959.2999877929688,,,,,,,,933.8999837239581,942.4999796549479,950.8999837239581,959.4999796549479,967.8999837239581,976.4999796549479,984.8999837239581
2023-07-13,CROMPTON,295.0,295.5,289.20001220703125,289.75,285.95001220703125,472.4500122070313,276.72200103759764,Asc50,290.1025024414063,Asc20,286.3999938964844,301.3999938964844,286.0,289.75,281.16668701171875,285.183349609375,287.4666748046875,291.48333740234375,293.76666259765625,297.7833251953125,300.066650390625,267.9666748046875,276.98333740234375,283.3666687011719,292.3833312988281,298.76666259765625,307.7833251953125,314.1666564941406
2023-07-13,CUMMINSIND,1904.300048828125,1921.949951171875,1880.0,1892.3499755859373,1851.75,1953.5,1773.7400073242188,Asc50,1879.747509765625,Asc20,1904.0,1939.949951171875,1879.1500244140625,1892.3499755859373,1832.300048828125,1856.1500244140625,1874.25,1898.0999755859375,1916.199951171875,1940.0499267578125,1958.14990234375,1806.8834228515625,1843.0167236328125,1867.683349609375,1903.816650390625,1928.4832763671875,1964.6165771484375,1989.283203125
2023-07-13,DLF,494.0,498.8999938964844,489.3999938964844,492.0499877929688,517.5499877929688,498.6499938964844,478.01500061035154,Asc50,491.1424987792969,Asc20,503.4500122070313,505.5499877929688,485.6000061035156,492.0499877929688,478.499989827474,483.9499918619792,487.999989827474,493.4499918619792,497.499989827474,502.94999186197924,506.999989827474,463.30001831054676,474.4500122070312,483.24999999999994,494.3999938964844,503.1999816894531,514.3499755859375,523.1499633789062
2023-07-13,DABUR,584.0,585.7000122070312,576.5,577.7000122070312,591.25,632.0,551.8340026855469,Asc50,574.5975036621094,Asc20,572.25,585.8499755859375,566.0,577.7000122070312,565.0333251953125,570.7666625976562,574.2333374023438,579.9666748046875,583.433349609375,589.1666870117188,592.6333618164062,547.3333740234375,556.6666870117188,567.183349609375,576.5166625976562,587.0333251953125,596.3666381835938,606.88330078125
2023-07-13,DALBHARAT,2070.0,2094.0,2049.14990234375,2058.0,1378.1500244140625,1529.949951171875,2127.71798828125,Asc50,2175.24248046875,ForD,2149.0,2153.35009765625,2035.550048828125,2058.0,1995.249837239583,2022.1998697916665,2040.099934895833,2067.0499674479165,2084.950032552083,2111.900065104166,2129.800130208333,1893.449951171875,1964.5,2011.25,2082.300048828125,2129.050048828125,2200.10009765625,2246.85009765625
2023-07-13,DEEPAKNTR,1947.949951171875,1953.0,1900.199951171875,1925.5,1681.1500244140625,2120.0,2065.337009277344,Asc50,2135.4575073242186,ForD,2071.0,2082.35009765625,1900.199951171875,1925.5,1846.6665852864585,1873.4332682291667,1899.4666341145835,1926.2333170572917,1952.2666829427085,1979.033365885417,2005.0667317708335,1674.1997884114585,1787.1998697916667,1856.3499348958335,1969.3500162760417,2038.5000813802085,2151.500162760417,2220.6502278645835
2023-07-13,DELHIVERY,396.75,404.8999938964844,395.1000061035156,399.25,382.75,362.7999877929688,373.74900024414063,Asc50,388.4425003051758,Asc20,397.8500061035156,407.2000122070313,389.1000061035156,399.25,384.8000183105469,389.95001220703125,394.6000061035156,399.75,404.3999938964844,409.54998779296875,414.1999816894531,371.73332722981763,380.41666666666663,389.8333333333333,398.5166727701823,407.933339436849,416.616678873698,426.0333455403647
2023-07-13,DEVYANI,192.8999938964844,198.0,191.25,194.1000061035156,195.8000030517578,215.0,185.0310009765625,Asc50,190.90750045776366,Asc20,191.4499969482422,198.0,187.6999969482422,194.1000061035156,184.15000406901044,187.70000203450522,190.90000406901044,194.45000203450522,197.65000406901044,201.20000203450525,204.40000406901044,178.23333231608075,182.96666463216147,188.53333536783856,193.26666768391928,198.83333841959637,203.56667073567712,209.13334147135419
2023-07-13,DIVISLAB,3646.0,3674.64990234375,3610.050048828125,3620.89990234375,2856.0,2740.10009765625,3472.2080078125,Asc50,3596.97001953125,Asc20,3685.0,3697.0,3590.75,3620.89990234375,3531.150146484375,3570.60009765625,3595.75,3635.199951171875,3660.349853515625,3699.7998046875,3724.94970703125,3469.183268229167,3529.9666341145835,3575.433268229167,3636.2166341145835,3681.683268229167,3742.466634114584,3787.933268229167
2023-07-13,DIXON,4350.0,4389.0,4260.10009765625,4297.64990234375,2948.050048828125,2553.0,3845.4719873046874,Asc50,4398.2599609375,Asc20,4249.60009765625,4415.0,4220.9501953125,4297.64990234375,4113.266764322916,4186.683430989583,4242.166666666666,4315.583333333333,4371.066569010416,4444.483235677082,4499.966471354166,4013.350260416666,4117.150227864583,4207.400065104166,4311.200032552083,4401.449869791666,4505.249837239582,4595.499674479166
2023-07-13,LALPATHLAB,2387.0,2398.85009765625,2347.85009765625,2355.14990234375,1936.75,3650.0,2093.698994140625,Asc50,2240.0399963378904,Asc20,2367.39990234375,2454.10009765625,2347.85009765625,2355.14990234375,2284.716634114583,2316.2833658854165,2335.716634114583,2367.2833658854165,2386.716634114583,2418.283365885416,2437.716634114583,2211.049967447917,2279.4500325520835,2317.299967447917,2385.7000325520835,2423.549967447917,2491.950032552084,2529.799967447917
2023-07-13,DRREDDY,5190.0,5203.14990234375,5134.89990234375,5142.4501953125,4269.10009765625,3654.0,4791.013994140625,Asc50,5054.322534179688,Asc20,5194.9501953125,5215.0,5113.5498046875,5142.4501953125,5048.933430989584,5091.916666666667,5117.183430989584,5160.166666666667,5185.433430989584,5228.416666666668,5253.683430989584,4997.5498046875,5055.5498046875,5099.0,5157.0,5200.4501953125,5258.4501953125,5301.900390625
2023-07-13,EICHERMOT,3305.0,3305.0,3245.0,3257.14990234375,3280.0,3791.949951171875,3527.8169921875,ForD,3436.449987792969,ForD,3210.0,3307.0,3160.0,3257.14990234375,3173.099934895833,3209.0499674479165,3233.099934895833,3269.0499674479165,3293.099934895833,3329.049967447916,3353.099934895833,3028.7666015625,3094.38330078125,3175.7666015625,3241.38330078125,3322.7666015625,3388.38330078125,3469.7666015625
2023-07-13,ESCORTS,2334.5,2334.5,2289.85009765625,2317.14990234375,2033.050048828125,2139.0,2156.163991699219,Asc50,2220.8849853515626,Asc20,2215.75,2337.14990234375,2192.0,2317.14990234375,2248.516764322917,2269.1834309895835,2293.166666666667,2313.8333333333335,2337.816569010417,2358.483235677084,2382.466471354167,2081.900065104167,2136.9500325520835,2227.049967447917,2282.0999348958335,2372.199869791667,2427.249837239584,2517.349772135417
2023-07-13,NYKAA,146.75,147.5,142.14999389648438,142.9499969482422,139.39999389648438,180.6999969482422,136.4110009765625,Asc50,145.83500061035156,Asc20,142.0,149.89999389648438,138.64999389648438,142.9499969482422,135.54998779296875,138.84999084472656,140.89999389648438,144.1999969482422,146.25,149.5500030517578,151.60000610351562,126.51666259765625,132.5833282470703,137.76666259765625,143.8333282470703,149.01666259765625,155.0833282470703,160.26666259765625
2023-07-13,FEDERALBNK,135.0,135.14999389648438,126.4499969482422,126.75,123.6500015258789,142.1999969482422,126.95400009155273,ForD,127.4275001525879,Asc20,135.14999389648438,136.39999389648438,126.4499969482422,126.75,115.05000305175783,120.75000000000001,123.75,129.4499969482422,132.4499969482422,138.14999389648438,141.14999389648435,113.38333638509114,119.91666666666667,123.33333333333331,129.86666361490884,133.2833302815755,139.816660563151,143.23332722981766
2023-07-13,FORTIS,333.0,333.0,318.04998779296875,330.3500061035156,313.45001220703125,292.70001220703125,293.04999938964846,Asc50,314.1924987792969,Asc20,326.95001220703125,334.54998779296875,318.04998779296875,330.3500061035156,306.316650390625,312.1833190917969,321.26666259765625,327.1333312988281,336.2166748046875,342.0833435058594,351.16668701171875,304.25,311.1499938964844,320.75,327.6499938964844,337.25,344.1499938964844,353.75
2023-07-13,GAIL,110.5999984741211,111.1999969482422,107.8499984741211,108.0999984741211,115.66666412353516,109.1999969482422,107.01999969482422,ForD,107.22000045776367,Asc20,111.0,111.3499984741211,107.6500015258789,108.0999984741211,103.55000050862628,105.69999949137369,106.89999898274739,109.0499979654948,110.2499974568685,112.3999964396159,113.5999959309896,103.01667022705078,105.33333587646484,106.71666717529297,109.03333282470703,110.41666412353516,112.73332977294922,114.11666107177734
2023-07-13,GLAND,1097.0,1110.0,1086.0999755859375,1105.800048828125,1033.949951171875,861.0,1078.0019995117189,ForD,1041.8275085449218,Asc20,1059.0,1135.8499755859375,1056.6500244140625,1105.800048828125,1067.366658528646,1076.7333170572917,1091.2666829427085,1100.6333414713542,1115.166707356771,1124.533365885417,1139.0667317708335,983.8167724609375,1020.2333984375,1063.0167236328125,1099.433349609375,1142.2166748046875,1178.63330078125,1221.4166259765625
2023-07-13,GODREJCP,1068.3499755859375,1074.550048828125,1050.0,1053.5999755859375,1048.3499755859375,919.0,1036.3899890136718,Asc50,1060.7874877929687,Asc20,1060.0,1074.75,1048.3499755859375,1053.5999755859375,1019.6665852864585,1034.8332926432292,1044.2166341145835,1059.3833414713542,1068.7666829427085,1083.9333902994795,1093.3167317708335,1016.649943033854,1032.4999593098958,1043.0499674479165,1058.8999837239583,1069.449991861979,1085.3000081380205,1095.8500162760415
2023-07-13,GODREJPROP,1616.0,1638.5,1595.199951171875,1621.4000244140625,1005.0,1561.949951171875,1452.2159985351564,Asc50,1559.4325073242187,Asc20,1581.8499755859375,1638.5,1552.6500244140625,1621.4000244140625,1554.9332682291665,1575.0666097005208,1598.2333170572915,1618.3666585286458,1641.5333658854165,1661.6667073567705,1684.8334147135415,1484.0167236328125,1518.3333740234375,1569.86669921875,1604.183349609375,1655.7166748046875,1690.0333251953125,1741.566650390625
2023-07-13,GRASIM,1779.0,1783.9000244140625,1753.5,1759.800048828125,1299.0999755859375,1751.800048828125,1742.8830029296876,Asc50,1757.8275146484375,Asc20,1754.8499755859375,1784.4000244140625,1733.25,1759.800048828125,1717.1666666666665,1735.3333333333333,1747.566691080729,1765.7333577473958,1777.9667154947915,1796.133382161458,1808.366739908854,1682.75,1708.0,1733.9000244140625,1759.1500244140625,1785.050048828125,1810.300048828125,1836.2000732421875
2023-07-13,FLUOROCHEM,2680.050048828125,2754.85009765625,2680.050048828125,2728.75,3087.0,3989.89990234375,3161.471005859375,ForD,2981.83251953125,ForD,2899.699951171875,2899.699951171875,2676.199951171875,2728.75,2612.783284505208,2646.4166666666665,2687.583333333333,2721.2167154947915,2762.383382161458,2796.016764322916,2837.183430989583,2413.233317057292,2544.7166341145835,2636.733317057292,2768.2166341145835,2860.233317057292,2991.716634114584,3083.733317057292
2023-07-13,GUJGASLTD,471.9500122070313,472.8999938964844,461.2999877929688,463.0499877929688,459.25,436.6499938964844,478.5540008544922,Asc50,472.43749847412107,ForD,478.0,483.0,461.2999877929688,463.0499877929688,446.99997965494794,454.14998372395837,458.5999857584635,465.74998982747394,470.1999918619791,477.34999593098945,481.79999796549464,433.53330485026044,447.4166463216146,455.23331705729163,469.1166585286458,476.9333292643228,490.81667073567695,498.633341471354
2023-07-13,HCLTECH,1100.0,1124.4000244140625,1087.050048828125,1108.800048828125,1125.9000244140625,1339.9000244140625,1129.1080029296875,Asc50,1157.8225036621093,ForD,1160.0,1161.9000244140625,1087.050048828125,1108.800048828125,1051.7500813802085,1069.4000651041667,1089.100056966146,1106.7500406901042,1126.4500325520835,1144.100016276042,1163.800008138021,1001.7500813802085,1044.4000651041667,1076.600056966146,1119.2500406901042,1151.4500325520835,1194.100016276042,1226.300008138021
2023-07-13,HDFCAMC,2349.949951171875,2372.0,2323.10009765625,2329.5,1713.0999755859375,1918.0,1982.9409960937496,Asc50,2144.3524841308595,Asc20,2253.050048828125,2372.0,2218.550048828125,2329.5,2262.166829427083,2292.6334635416665,2311.066731770833,2341.5333658854165,2359.966634114583,2390.433268229166,2408.866536458333,2087.916748046875,2153.2333984375,2241.36669921875,2306.683349609375,2394.816650390625,2460.13330078125,2548.2666015625
2023-07-13,HDFCBANK,1656.699951171875,1657.449951171875,1638.050048828125,1641.0999755859375,1757.5,1382.050048828125,1638.5550024414063,ForD,1650.445001220703,Asc20,1661.0,1676.75,1627.1500244140625,1641.0999755859375,1614.216796875,1626.1334228515625,1633.61669921875,1645.5333251953125,1653.0166015625,1664.9332275390625,1672.41650390625,1570.316691080729,1598.7333577473958,1619.9166666666665,1648.3333333333333,1669.516642252604,1697.9333089192705,1719.1166178385415
2023-07-13,HDFCLIFE,676.0,690.8499755859375,676.0,680.5999755859375,473.7000122070313,529.75,601.6130029296875,Asc50,648.2925018310547,Asc20,660.0,690.8499755859375,659.0499877929688,680.5999755859375,659.2666829427083,667.6333414713541,674.1166585286458,682.4833170572916,688.9666341145833,697.333292643229,703.8166097005208,631.0166625976562,645.0333251953125,662.816650390625,676.8333129882812,694.6166381835938,708.63330078125,726.4166259765625
2023-07-13,HAVELLS,1295.0,1296.75,1267.0,1272.300048828125,1373.699951171875,1274.0,1301.1780029296874,Asc50,1304.7425109863282,ForD,1284.4000244140625,1323.9000244140625,1267.0,1272.300048828125,1230.86669921875,1248.933349609375,1260.61669921875,1278.683349609375,1290.36669921875,1308.433349609375,1320.11669921875,1194.6666666666665,1230.8333333333333,1251.566691080729,1287.7333577473958,1308.4667154947915,1344.633382161458,1365.366739908854
2023-07-13,HEROMOTOCO,3078.85009765625,3130.949951171875,3055.5,3073.10009765625,2242.39990234375,2380.0,2830.29,Asc50,2945.9125366210938,Asc20,3156.449951171875,3186.35009765625,3055.5,3073.10009765625,2966.633463541667,3011.0667317708335,3042.083414713542,3086.5166829427085,3117.533365885417,3161.966634114584,3192.983317057292,2892.7666015625,2974.13330078125,3023.61669921875,3104.9833984375,3154.466796875,3235.83349609375,3285.31689453125
2023-07-13,HINDALCO,430.2000122070313,439.5,430.2000122070313,435.2000122070313,590.9500122070312,636.0,419.8950006103516,ForD,423.0175018310547,Asc20,423.0,439.5,422.25,435.2000122070313,421.1333618164063,425.6666870117188,430.433349609375,434.9666748046875,439.7333374023437,444.2666625976562,449.0333251953124,407.88334147135413,415.06667073567706,425.13334147135413,432.31667073567706,442.38334147135413,449.566670735677,459.63334147135413
2023-07-13,HAL,3862.0,3898.64990234375,3820.0,3854.0,3690.0,3811.050048828125,3414.726005859375,Asc50,3772.042517089844,Asc20,3783.60009765625,3945.0,3741.050048828125,3854.0,3737.800130208333,3778.9000651041665,3816.450032552083,3857.5499674479165,3895.099934895833,3936.199869791666,3973.749837239583,3544.416748046875,3642.7333984375,3748.36669921875,3846.683349609375,3952.316650390625,4050.63330078125,4156.2666015625
2023-07-13,HINDPETRO,293.0,293.70001220703125,285.0,286.79998779296875,300.29998779296875,354.79998779296875,268.90100036621095,Asc50,281.1600006103516,Asc20,308.0,308.0,285.0,286.79998779296875,274.5999755859375,279.79998779296875,283.29998779296875,288.5,292.0,297.20001220703125,300.70001220703125,255.5333251953125,270.26666259765625,278.5333251953125,293.26666259765625,301.5333251953125,316.26666259765625,324.5333251953125
2023-07-13,HINDUNILVR,2684.949951171875,2687.449951171875,2651.199951171875,2654.699951171875,2585.10009765625,2654.0,2653.1200048828123,Asc50,2682.5850341796877,Asc20,2709.89990234375,2716.75,2642.5,2654.699951171875,2605.199951171875,2628.199951171875,2641.449951171875,2664.449951171875,2677.699951171875,2700.699951171875,2713.949951171875,2551.63330078125,2597.066650390625,2625.88330078125,2671.316650390625,2700.13330078125,2745.566650390625,2774.38330078125
2023-07-13,HINDZINC,333.3500061035156,334.0,327.95001220703125,330.70001220703125,257.0,278.95001220703125,310.82600158691406,Asc50,315.3000030517578,Asc20,331.0,334.0,324.04998779296875,330.70001220703125,321.7166951497396,324.83335367838544,327.76668294270837,330.8833414713542,333.8166707356771,336.933329264323,339.86665852864587,315.2166544596354,319.63332112630206,325.16666666666663,329.5833333333333,335.1166788736979,339.5333455403645,345.06669108072913
2023-07-13,HONAUT,43465.0,44000.0,43027.0,43218.1484375,40526.3984375,35071.5,40425.596015625,Asc50,42412.5724609375,Asc20,42781.69921875,44150.0,42364.6015625,43218.1484375,41857.09895833333,42442.049479166664,42830.09895833333,43415.049479166664,43803.09895833333,44388.04947916666,44776.09895833333,40553.1015625,41458.8515625,42338.5,43244.25,44123.8984375,45029.6484375,45909.296875
2023-07-11,HDFC,2770.0,2794.800048828125,2742.35009765625,2747.35009765625,2234.10009765625,3021.10009765625,2717.012001953125,Asc50,2735.6599975585937,Asc20,2770.0,2799.199951171875,2742.35009765625,2747.35009765625,2675.750162760417,2709.0501302083335,2728.200113932292,2761.5000813802085,2780.650065104167,2813.950032552084,2833.100016276042,2669.883626302083,2706.1168619791665,2726.733479817708,2762.9667154947915,2783.583333333333,2819.816569010416,2840.433186848958
2023-07-13,ICICIBANK,947.7000122070312,959.25,942.2000122070312,955.7000122070312,854.8499755859375,915.8499755859376,940.3060034179688,Asc50,938.1100036621094,Asc20,946.0,959.25,941.25,955.7000122070312,928.4666951497395,935.3333536783854,945.5166829427083,952.3833414713541,962.566670735677,969.4333292643228,979.6166585286458,926.8833414713542,934.0666707356771,944.8833414713542,952.0666707356771,962.8833414713542,970.0666707356772,980.8833414713542
2023-07-13,ICICIGI,1364.949951171875,1383.0,1352.449951171875,1356.449951171875,1119.0,1162.4000244140625,1213.79900390625,Asc50,1310.9,Asc20,1337.5999755859375,1383.0,1321.9000244140625,1356.449951171875,1314.3832194010415,1333.4165852864583,1344.9332682291665,1363.9666341145833,1375.4833170572915,1394.516682942708,1406.0333658854165,1263.4666748046875,1292.683349609375,1324.566650390625,1353.7833251953125,1385.6666259765625,1414.88330078125,1446.7666015625
2023-07-13,ICICIPRULI,,,,,700.0,724.2999877929688,,ForD,,ForD,578.9000244140625,606.0,576.7999877929688,597.0999755859375,,,,,,,,551.3999633789062,564.0999755859375,580.5999755859375,593.2999877929688,609.7999877929688,622.5,639.0
2023-07-13,IDFCFIRSTB,83.5,83.6500015258789,81.0999984741211,81.3499984741211,78.8499984741211,82.0999984741211,73.4590000152588,Asc50,80.18249969482422,Asc20,80.19999694824219,84.4000015258789,78.8499984741211,81.3499984741211,77.86666107177734,79.48332977294922,80.41666412353516,82.03333282470703,82.96666717529297,84.58333587646484,85.51667022705078,73.11666107177734,75.98332977294922,78.66666412353516,81.53333282470703,84.21666717529297,87.08333587646484,89.76667022705078
2023-07-13,ITC,473.8999938964844,476.75,471.0,472.0,455.8999938964844,445.75,443.87900146484384,Asc50,458.2450012207031,Asc20,470.0,477.75,463.7000122070313,472.0,464.0,467.5,469.75,473.25,475.5,479.0,481.25,450.5000203450522,457.10001627604174,464.55000813802087,471.15000406901044,478.59999593098956,485.1999918619792,492.64998372395826
2023-07-13,INDIANB,325.0,327.0,317.25,321.8500061035156,295.95001220703125,306.0,290.0799987792969,ForD,293.9649993896484,Asc20,308.3500061035156,327.0,306.8500061035156,321.8500061035156,307.3166707356771,312.28333536783856,317.0666707356771,322.03333536783856,326.8166707356771,331.7833353678386,336.5666707356771,289.98334757486975,298.4166768391927,310.13334147135413,318.56667073567706,330.2833353678385,338.7166646321614,350.4333292643229
2023-07-13,INDHOTEL,394.7999877929688,396.0,386.2999877929688,387.4500122070313,399.2999877929688,377.9500122070313,381.657001953125,Asc50,388.30249938964846,ForD,384.0,397.8500061035156,381.25,387.4500122070313,374.1333211263022,380.2166544596355,383.83333333333337,389.9166666666667,393.53334554036456,399.61667887369794,403.23335774739576,363.25,372.25,379.8500061035156,388.8500061035156,396.45001220703125,405.45001220703125,413.0500183105469
2023-07-13,IOC,98.4000015258789,98.6999969482422,96.0500030517578,96.1999969482422,88.5999984741211,90.6999969482422,90.2590007019043,Asc50,93.72500038146973,Asc20,101.0,101.4499969482422,96.0500030517578,96.1999969482422,92.61667378743486,94.33333841959633,95.26666768391927,96.98333231608073,97.91666158040367,99.63332621256514,100.56665547688807,88.95000712076818,92.50000508626299,94.35000101725258,97.89999898274739,99.74999491373698,103.2999928792318,105.14998881022139
2023-07-13,IRCTC,623.0,626.5999755859375,614.5,617.75,644.2999877929688,588.7999877929688,634.6039965820313,ForD,636.6199951171875,ForD,631.75,632.0,614.3499755859375,617.75,600.5333658854167,607.5166829427084,612.6333414713542,619.6166585286459,624.7333170572917,631.7166341145835,636.8332926432292,593.0832926432292,603.7166341145834,610.7333170572917,621.3666585286459,628.3833414713542,639.0166829427085,646.0333658854167
2023-07-13,IRFC,33.04999923706055,33.099998474121094,32.400001525878906,32.54999923706055,32.45000076293945,29.549999237060547,33.029999809265135,ForD,32.87749977111817,ForD,33.25,33.25,32.400001525878906,32.54999923706055,31.56667073567708,31.983336130777992,32.266667683919266,32.68333307902018,32.966664632161454,33.38333002726236,33.66666158040364,31.366668701171875,31.88333511352539,32.21666717529297,32.733333587646484,33.06666564941406,33.58333206176758,33.916664123535156
2023-07-13,IGL,492.6499938964844,494.3999938964844,481.1499938964844,483.0,436.0,342.6000061035156,478.5289990234375,ForD,479.22999877929686,Asc20,497.75,497.75,481.1499938964844,483.0,464.7166646321615,472.93332926432294,477.9666646321615,486.18332926432294,491.2166646321615,499.433329264323,504.4666646321615,460.249989827474,470.6999918619792,476.8499959309896,487.2999979654948,493.45000203450525,503.9000040690105,510.05000813802087
2023-07-13,INDUSTOWER,164.4499969482422,166.5,160.8000030517578,162.60000610351562,147.8000030517578,138.4499969482422,157.7909994506836,Asc50,163.63749923706055,Asc20,163.39999389648438,167.75,160.5500030517578,162.60000610351562,154.40000915527344,157.60000610351562,160.10000610351562,163.3000030517578,165.8000030517578,169.0,171.5,152.31667582194012,156.43333943684897,159.5166727701823,163.63333638509116,166.7166697184245,170.83333333333337,173.91666666666669
2023-07-13,INDUSINDBK,1384.0,1391.5,1366.4000244140625,1376.300048828125,1413.0999755859375,1342.9000244140625,1285.9139965820314,Asc50,1339.5374877929687,Asc20,1361.25,1391.5,1345.1500244140625,1376.300048828125,1339.533406575521,1352.9667154947917,1364.6333821614585,1378.0666910807292,1389.733357747396,1403.166666666667,1414.8333333333335,1304.116739908854,1324.6333821614583,1350.4667154947915,1370.9833577473958,1396.816691080729,1417.333333333333,1443.1666666666665
2023-07-13,NAUKRI,4473.0498046875,4646.0,4465.10009765625,4625.5,3986.949951171875,5697.0,4184.581987304688,Asc50,4426.924975585937,Asc20,4410.0,4646.0,4325.0498046875,4625.5,4330.83349609375,4397.966796875,4511.7333984375,4578.86669921875,4692.63330078125,4759.7666015625,4873.533203125,4097.416341145834,4211.233072916667,4418.366536458334,4532.183268229167,4739.316731770834,4853.133463541668,5060.266927083334
2023-07-13,INFY,1334.9000244140625,1376.800048828125,1330.8499755859375,1365.0999755859375,1215.0,1446.5,1295.7400024414062,Asc50,1313.115008544922,Asc20,1336.550048828125,1376.800048828125,1319.300048828125,1365.0999755859375,1292.416544596354,1311.6332600911458,1338.3666178385415,1357.5833333333333,1384.316691080729,1403.5334065755205,1430.2667643229165,1273.1666666666665,1296.2333577473958,1330.6666666666665,1353.7333577473958,1388.1666666666665,1411.2333577473955,1445.6666666666665
2023-07-13,INDIGO,2730.050048828125,2740.0,2664.85009765625,2686.39990234375,2619.85009765625,2488.0,2412.0850048828124,Asc50,2564.5300170898436,Asc20,2641.0,2745.10009765625,2619.85009765625,2686.39990234375,2579.016764322917,2621.9334309895835,2654.166666666667,2697.0833333333335,2729.316569010417,2772.233235677084,2804.466471354167,2497.216634114583,2558.5333658854165,2622.466634114583,2683.7833658854165,2747.716634114583,2809.033365885416,2872.966634114583
2023-07-13,IPCALAB,764.9500122070312,772.0,760.25,769.25,760.9500122070312,686.7999877929688,720.0040002441406,ForD,744.0875,Asc20,763.0499877929688,772.0,748.9500122070312,769.25,750.5833333333333,755.4166666666666,762.3333333333333,767.1666666666666,774.0833333333333,778.9166666666665,785.8333333333333,731.750020345052,740.3500162760416,754.8000081380208,763.4000040690104,777.8499959309895,786.449991861979,800.8999837239583
2023-07-13,JSWENERGY,313.0,314.1499938964844,293.3999938964844,298.8999938964844,288.6000061035156,323.1499938964844,267.0539990234375,Asc50,282.5774978637695,Asc20,308.54998779296875,319.95001220703125,293.3999938964844,298.8999938964844,269.3999938964844,281.3999938964844,290.1499938964844,302.1499938964844,310.8999938964844,322.8999938964844,331.6499938964844,261.6666361490885,277.53331502278644,288.2166544596354,304.0833333333333,314.76667277018225,330.63335164388013,341.31669108072913
2023-07-13,JSWSTEEL,810.7000122070312,814.2000122070312,796.7999877929688,802.1500244140625,815.7000122070312,660.0,741.6369958496093,Asc50,779.5025024414062,Asc20,789.0,815.7000122070312,787.75,802.1500244140625,777.1666463216145,786.9833170572916,794.566670735677,804.3833414713541,811.9666951497395,821.7833658854165,829.366719563802,760.0833333333333,773.9166666666666,788.0333455403645,801.8666788736979,815.9833577473958,829.816691080729,843.933369954427
2023-07-13,JINDALSTEL,632.0,637.0,621.9000244140625,633.5499877929688,636.0,554.7999877929688,562.0219989013672,Asc50,592.975,Asc20,611.0,637.0,609.5,633.5499877929688,609.5333658854167,615.7166951497396,624.6333414713542,630.8166707356771,639.7333170572917,645.9166463216147,654.8332926432292,588.8666585286458,599.1833292643229,616.3666585286458,626.6833292643229,643.8666585286458,654.1833292643228,671.3666585286458
2023-07-13,JUBLFOOD,481.7000122070313,486.75,466.3999938964844,471.1499938964844,418.75,504.4500122070313,483.8659985351562,Asc50,491.30749969482423,ForD,494.0,498.0,466.3999938964844,471.1499938964844,442.4333190917969,454.4166564941406,462.7833251953125,474.76666259765625,483.1333312988281,495.1166687011719,503.48333740234375,427.4333190917969,446.9166564941406,459.0333251953125,478.51666259765625,490.6333312988281,510.1166687011719,522.2333374023438
2023-07-13,KOTAKBANK,1889.0,1901.5999755859373,1866.449951171875,1869.699951171875,2253.0,2077.800048828125,1900.3219946289062,ForD,1850.5574951171875,ForD,1853.0,1901.5999755859373,1845.0,1869.699951171875,1821.749918619792,1844.0999348958335,1856.8999430338542,1879.2499593098958,1892.0499674479165,1914.399983723958,1927.1999918619788,1786.0000000000005,1815.5000000000002,1842.5999755859377,1872.0999755859375,1899.199951171875,1928.699951171875,1955.7999267578123
2023-07-13,L&TFH,135.64999389648438,135.9499969482422,131.60000610351562,132.8000030517578,64.0999984741211,67.55000305175781,111.6110008239746,Asc50,126.38500137329102,Asc20,131.1999969482422,135.9499969482422,130.1999969482422,132.8000030517578,126.60001627604169,129.10001118977866,130.95000712076825,133.45000203450522,135.2999979654948,137.7999928792318,139.64998881022137,124.26666768391925,127.23333231608072,130.01666768391925,132.98333231608072,135.76666768391925,138.7333323160807,141.51666768391925
2023-07-13,LTTS,3845.0,3943.64990234375,3821.699951171875,3884.699951171875,3744.0,3630.0,3871.105,Asc50,3909.14248046875,Asc20,3980.0,3980.0,3821.699951171875,3884.699951171875,3701.100016276042,3761.3999837239585,3823.049967447917,3883.3499348958335,3944.999918619792,4005.299886067709,4066.949869791667,3652.633219401042,3737.1665852864585,3810.933268229167,3895.4666341145835,3969.233317057292,4053.766682942709,4127.533365885417
2023-07-13,LICHSGFIN,394.25,400.7000122070313,385.2000122070313,386.9500122070313,420.3999938964844,378.9500122070313,381.3139996337891,Asc50,392.0300003051758,Asc20,390.0,400.7000122070313,385.2000122070313,386.9500122070313,365.7000122070313,375.4500122070313,381.2000122070313,390.9500122070313,396.7000122070313,406.4500122070313,412.2000122070313,365.7000122070313,375.4500122070313,381.2000122070313,390.9500122070313,396.7000122070313,406.4500122070313,412.2000122070313
2023-07-13,LTIM,4805.0,4943.89990234375,4795.5498046875,4893.2998046875,5015.39990234375,4868.0,4911.9819921875,Asc50,5059.794970703125,Asc20,5099.0,5099.0,4776.2001953125,4893.2998046875,4662.916341145834,4729.233072916667,4811.266438802084,4877.583170572917,4959.616536458334,5025.933268229168,5107.966634114584,4423.866861979166,4600.033528645833,4746.666666666666,4922.833333333333,5069.466471354166,5245.633138020832,5392.266276041666
2023-07-13,LT,2466.0,2484.89990234375,2446.25,2450.14990234375,2416.35009765625,2246.25,2330.8610107421873,Asc50,2422.4475341796874,Asc20,2450.0,2485.949951171875,2420.0,2450.14990234375,2397.316731770833,2421.7833658854165,2435.966634114583,2460.4332682291665,2474.616536458333,2499.083170572916,2513.266438802083,2352.166666666667,2386.0833333333335,2418.116617838542,2452.0332845052085,2484.066569010417,2517.983235677084,2550.016520182292
2023-07-13,LAURUSLABS,354.54998779296875,355.6499938964844,343.6499938964844,347.1000061035156,596.0,555.2000122070312,342.5410009765625,Asc50,360.3350036621094,Asc20,366.75,366.75,343.6499938964844,347.1000061035156,329.95000203450525,336.7999979654948,341.95000203450525,348.7999979654948,353.95000203450525,360.79999796549487,365.95000203450525,315.1499938964844,329.3999938964844,338.25,352.5,361.3500061035156,375.6000061035156,384.45001220703125
2023-07-13,LICI,621.0,624.4000244140625,614.25,615.7000122070312,543.0,530.0499877929688,599.0430017089843,Asc50,622.1350006103515,Asc20,623.0,629.9000244140625,614.25,615.7000122070312,601.6833089192708,607.9666544596354,611.8333333333333,618.1166788736979,621.9833577473958,628.2667032877603,632.1333821614583,594.3499755859375,604.2999877929688,610.0,619.9500122070312,625.6500244140625,635.6000366210938,641.300048828125
2023-07-13,LUPIN,940.5,942.0999755859376,921.9000244140624,930.75,649.3499755859375,625.0,823.547001953125,Asc50,880.9625,Asc20,903.4500122070312,942.9500122070312,896.4000244140625,930.75,900.8667399088539,911.3833821614581,921.0666910807291,931.5833333333334,941.2666422526044,951.7832845052086,961.4665934244796,857.2333577473958,876.8166910807291,903.7833455403645,923.3666788736979,950.3333333333333,969.9166666666665,996.883321126302
2023-07-13,MRF,102102.0,102300.0,101003.296875,101263.953125,101888.0,91947.296875,98498.15234375,Asc50,100353.118359375,Asc20,101177.0,102494.953125,100400.25,101263.953125,99448.13020833334,100225.71354166667,100744.83333333334,101522.41666666667,102041.53645833334,102819.11979166669,103338.23958333334,98183.11458333334,99291.68229166667,100277.81770833334,101386.38541666667,102372.52083333334,103481.08854166669,104467.22395833334
2023-07-13,M&MFIN,325.8999938964844,328.3999938964844,316.25,320.3999938964844,346.54998779296875,305.0,301.82499938964844,Asc50,322.93750152587893,Asc20,330.0,336.0,316.25,320.3999938964844,302.8166707356771,309.53333536783856,314.9666646321615,321.68332926432294,327.11665852864587,333.83332316080737,339.26665242513025,292.6833292643229,304.46666463216144,312.4333292643229,324.21666463216144,332.1833292643229,343.9666646321614,351.9333292643229
2023-07-13,M&M,,,,,1591.949951171875,1498.050048828125,,ForD,,ForD,1567.0,1579.6500244140625,1541.6500244140625,1570.8499755859375,,,,,,,,1510.449991861979,1526.0500081380208,1548.449991861979,1564.0500081380208,1586.449991861979,1602.0500081380205,1624.449991861979
2023-07-13,MARICO,541.7999877929688,547.7999877929688,530.5499877929688,533.5499877929688,486.6000061035156,558.4000244140625,533.9500018310547,Asc50,531.7399993896485,ForD,518.0,547.7999877929688,516.5499877929688,533.5499877929688,509.54998779296875,520.0499877929688,526.7999877929688,537.2999877929688,544.0499877929688,554.5499877929688,561.2999877929688,486.2166544596355,501.3833211263021,517.4666544596355,532.6333211263021,548.7166544596355,563.8833211263022,579.9666544596355
2023-07-13,MARUTI,9852.9501953125,9898.9501953125,9612.0,9647.5498046875,8130.0,9769.0,9441.1359765625,Asc50,9635.862451171875,Asc20,9854.0,9956.849609375,9612.0,9647.5498046875,9253.099609375,9432.5498046875,9540.0498046875,9719.5,9827.0,10006.4501953125,10113.9501953125,9175.900390625,9393.9501953125,9520.75,9738.7998046875,9865.599609375,10083.6494140625,10210.44921875
2023-07-13,MFSL,817.7000122070312,839.0,817.7000122070312,823.5499877929688,769.0,805.4500122070312,713.3250024414062,Asc50,765.5149993896484,Asc20,803.5,839.0,799.4000244140625,823.5499877929688,793.2000122070312,805.4500122070312,814.5,826.75,835.7999877929688,848.0499877929688,857.0999755859375,762.7000325520833,781.0500284830729,802.3000081380208,820.6500040690104,841.8999837239583,860.2499796549478,881.4999593098958
2023-07-13,MAXHEALTH,617.9000244140625,623.0,614.0,619.1500244140625,590.1500244140625,630.0,558.4790063476562,Asc50,601.0650115966797,Asc20,610.0,623.2000122070312,608.5999755859375,619.1500244140625,605.433349609375,609.7166748046875,614.433349609375,618.7166748046875,623.433349609375,627.7166748046875,632.433349609375,596.1666259765625,602.38330078125,610.7666625976562,616.9833374023438,625.36669921875,631.5833740234375,639.9667358398438
2023-07-13,MSUMI,58.54999923706055,59.20000076293945,57.70000076293945,57.79999923706055,48.70000076293945,62.29999923706055,56.86699989318847,Asc50,57.692499923706045,Asc20,58.95000076293945,59.20000076293945,57.70000076293945,57.79999923706055,55.766666412353516,56.733333587646484,57.266666412353516,58.233333587646484,58.766666412353516,59.733333587646484,60.266666412353516,55.766666412353516,56.733333587646484,57.266666412353516,58.233333587646484,58.766666412353516,59.733333587646484,60.266666412353516
2023-07-13,MPHASIS,1905.0,1954.800048828125,1901.75,1922.199951171875,2343.5,2541.25,1894.2370043945311,Asc50,1876.197509765625,ForD,1880.0,1954.800048828125,1850.0,1922.199951171875,1844.64990234375,1873.199951171875,1897.699951171875,1926.25,1950.75,1979.300048828125,2003.800048828125,1758.39990234375,1804.199951171875,1863.199951171875,1909.0,1968.0,2013.800048828125,2072.800048828125
2023-07-13,MUTHOOTFIN,1285.6500244140625,1297.0,1270.050048828125,1277.8499755859375,911.25,960.4000244140624,1152.5469970703125,Asc50,1234.0349914550782,Asc20,1268.3499755859375,1297.0,1250.0,1277.8499755859375,1239.3167317708335,1254.6833902994792,1266.2666829427085,1281.6333414713542,1293.2166341145835,1308.5832926432295,1320.1665852864585,1205.8999837239585,1227.9499918619792,1252.8999837239585,1274.9499918619792,1299.8999837239585,1321.9499918619795,1346.8999837239585
2023-07-13,NHPC,47.5,47.54999923706055,45.79999923706055,46.0,47.900001525878906,44.79999923706055,44.84199996948242,Asc50,45.84749984741211,Asc20,46.20000076293945,49.150001525878906,45.29999923706055,46.0,43.599999745686844,44.699999491373696,45.349999745686844,46.449999491373696,47.099999745686844,48.19999949137369,48.849999745686844,40.633330027262375,42.96666463216146,44.483332316080734,46.81666692097982,48.33333460489909,50.66666920979819,52.18333689371745
2023-07-13,NMDC,112.75,113.5,110.1999969482422,111.4499969482422,138.8000030517578,157.89999389648438,107.255,ForD,106.93250007629395,ForD,107.1500015258789,113.5,106.4000015258789,111.4499969482422,106.63332621256511,108.41666158040366,109.93332926432291,111.71666463216145,113.2333323160807,115.01666768391924,116.5333353678385,100.30000050862631,103.35000101725261,107.3999989827474,110.4499994913737,114.4999974568685,117.54999796549481,121.59999593098959
2023-07-13,NTPC,191.8000030517578,191.8000030517578,186.9499969482422,187.8999938964844,197.75,179.75,181.8970004272461,Asc50,189.18999938964845,Asc20,192.6499938964844,194.75,186.9499969482422,187.8999938964844,181.1166534423828,184.0333251953125,185.96665954589844,188.88333129882812,190.81666564941406,193.73333740234375,195.6666717529297,177.18332417805988,182.06666056315103,184.9833272298177,189.86666361490884,192.7833302815755,197.66666666666663,200.58333333333331
2023-07-13,NAVINFLUOR,4329.89990234375,4359.14990234375,4280.2001953125,4332.64990234375,4699.64990234375,4575.0,4591.902958984375,ForD,4508.8924560546875,ForD,4532.25,4538.9501953125,4206.2998046875,4332.64990234375,4209.900390625,4245.05029296875,4288.85009765625,4324.0,4367.7998046875,4402.94970703125,4446.74951171875,3846.999348958334,4026.649576822917,4179.649739583334,4359.299967447917,4512.300130208334,4691.950358072918,4844.950520833334
2023-07-13,NESTLEIND,23060.05078125,23121.55078125,22776.849609375,22820.75,23175.25,21617.55078125,22239.93703125,Asc50,22796.08017578125,Asc20,22869.0,23121.55078125,22550.0,22820.75,22346.514973958336,22561.682291666668,22691.216145833336,22906.383463541668,23035.917317708336,23251.08463541667,23380.618489583336,21968.432291666664,22259.216145833332,22539.983072916664,22830.766927083332,23111.533854166664,23402.31770833333,23683.084635416664
2023-07-13,OBEROIRLTY,1034.0,1059.0,1025.0,1028.550048828125,946.0,1088.949951171875,971.1540026855469,Asc50,1007.5700042724609,Asc20,1025.699951171875,1059.0,1004.3499755859376,1028.550048828125,982.0333658854165,1003.5166829427083,1016.0333658854165,1037.5166829427083,1050.0333658854165,1071.516682942708,1084.0333658854165,947.6166585286461,975.9833170572919,1002.2666829427085,1030.6333414713542,1056.916707356771,1085.283365885417,1111.5667317708333
2023-07-13,ONGC,168.64999389648438,169.3000030517578,167.1999969482422,167.8000030517578,135.39999389648438,168.39999389648438,160.9979998779297,Asc50,160.86249923706055,Asc20,163.89999389648438,169.3000030517578,162.5,167.8000030517578,164.79999287923175,165.99999491373697,166.89999898274738,168.1000010172526,169.000005086263,170.2000071207682,171.10001118977863,156.96666463216144,159.73333231608072,163.76666768391925,166.53333536783853,170.56667073567706,173.33333841959632,177.36667378743488
2023-07-13,OIL,256.8999938964844,257.45001220703125,253.75,255.6999969482422,271.54998779296875,200.6999969482422,255.0149987792969,ForD,249.79249954223633,ForD,254.0,257.45001220703125,253.0,255.6999969482422,250.1166483561198,251.9333241780599,253.81666056315106,255.63333638509116,257.5166727701823,259.33334859212243,261.21668497721356,248.8666483561198,250.9333241780599,253.31666056315106,255.38333638509116,257.7666727701823,259.83334859212243,262.21668497721356
2023-07-13,PAYTM,867.0,867.5999755859375,830.0,836.9500122070312,833.2999877929688,472.0,778.6959997558594,Asc50,856.4150024414063,Asc20,851.0,867.5999755859375,801.2999877929688,836.9500122070312,784.5000406901042,807.2500203450521,822.1000162760417,844.8499959309896,859.6999918619792,882.4499715169272,897.2999674479167,736.6666870117188,768.9833374023438,802.9666748046875,835.2833251953125,869.2666625976562,901.5833129882812,935.566650390625
2023-07-13,OFSS,3814.949951171875,3911.0,3800.300048828125,3843.89990234375,2985.25,3649.0,3689.5660107421877,Asc50,3843.824987792969,Asc20,3835.0,3911.0,3737.25,3843.89990234375,3681.766682942708,3741.0333658854165,3792.466634114583,3851.7333170572915,3903.166585286458,3962.433268229166,4013.866536458333,3576.683268229167,3656.9666341145835,3750.433268229167,3830.7166341145835,3924.183268229167,4004.466634114584,4097.933268229167
2023-07-13,POLICYBZR,735.0,779.9000244140625,735.0,762.8499755859375,492.8500061035156,405.7000122070313,645.5249975585938,Asc50,690.2374969482422,Asc20,704.5999755859375,779.9000244140625,693.4000244140625,762.8499755859375,693.699951171875,714.3499755859375,738.5999755859375,759.25,783.5,804.1500244140625,828.4000244140625,624.3666585286458,658.8833414713541,710.8666585286458,745.3833414713541,797.3666585286458,831.883341471354,883.8666585286458
2023-07-13,PIIND,3684.25,3749.449951171875,3593.0,3610.60009765625,3939.60009765625,3792.75,3619.1499951171877,Asc50,3818.8150024414062,ForD,3766.0,3795.25,3575.0,3610.60009765625,3396.133463541667,3494.5667317708335,3552.583414713542,3651.0166829427085,3709.033365885417,3807.466634114584,3865.483317057292,3305.066731770833,3440.0333658854165,3525.316731770833,3660.2833658854165,3745.566731770833,3880.533365885416,3965.816731770833
2023-07-13,PAGEIND,36250.0,36680.19921875,35866.05078125,36273.8984375,47500.0,53616.3515625,39179.76296875,ForD,37491.9375,ForD,36895.94921875,36947.94921875,35866.05078125,36273.8984375,35052.41796875,35459.234375,35866.56640625,36273.3828125,36680.71484375,37087.53125,37494.86328125,34695.41796875,35280.734375,35777.31640625,36362.6328125,36859.21484375,37444.53125,37941.11328125
2023-07-13,PATANJALI,1165.0999755859375,1165.0999755859375,1165.0999755859375,1165.0999755859375,1441.0,1495.0,1069.2840002441405,Asc50,1184.2524963378905,Asc20,1200.050048828125,1242.050048828125,1165.0999755859375,1165.0999755859375,1165.0999755859375,1165.0999755859375,1165.0999755859375,1165.0999755859375,1165.0999755859375,1165.0999755859375,1165.0999755859375,1062.4998779296875,1113.7999267578125,1139.449951171875,1190.75,1216.4000244140625,1267.7000732421875,1293.35009765625
2023-07-13,PERSISTENT,4698.9501953125,4877.0,4690.0498046875,4760.10009765625,5278.9501953125,5135.0,4892.928994140625,Asc50,4869.682446289063,ForD,4829.5498046875,4877.0,4646.4501953125,4760.10009765625,4487.483072916666,4588.766438802083,4674.433268229166,4775.716634114583,4861.383463541666,4962.666829427082,5048.333658854166,4414.817057291666,4530.633626302083,4645.366861979166,4761.183430989583,4875.916666666666,4991.733235677082,5106.466471354166
2023-07-13,PETRONET,230.8999938964844,231.25,223.8999938964844,224.5,198.4499969482422,192.75,225.45400054931642,ForD,224.97000274658203,Asc20,230.4499969482422,233.1999969482422,223.8999938964844,224.5,214.49998982747397,219.19999186197919,221.84999593098956,226.54999796549478,229.20000203450516,233.90000406901035,236.55000813802076,211.8999938964844,217.8999938964844,221.1999969482422,227.1999969482422,230.49999999999997,236.49999999999997,239.80000305175776
2023-07-13,PIDILITIND,2622.449951171875,2655.0,2608.300048828125,2618.199951171875,2714.0,2843.75,2597.941005859375,Asc50,2632.7400146484374,ForD,2611.949951171875,2688.0,2551.5,2618.199951171875,2552.633382161458,2580.4667154947915,2599.333333333333,2627.1666666666665,2646.033284505208,2673.866617838541,2692.733235677083,2413.966634114583,2482.7333170572915,2550.466634114583,2619.2333170572915,2686.966634114583,2755.733317057291,2823.466634114583
2023-07-13,PEL,973.1500244140624,999.8499755859376,962.5,973.7999877929688,863.5,630.4500122070312,822.8439953613281,Asc50,907.4875030517578,Asc20,930.0,999.8499755859376,918.3499755859376,973.7999877929688,920.2333577473955,941.3666788736978,957.5833333333331,978.7166544596354,994.9333089192708,1016.066630045573,1032.2832845052085,846.6499837239581,882.4999796549479,928.1499837239581,963.9999796549479,1009.6499837239581,1045.4999796549478,1091.149983723958
2023-07-13,POLYCAB,3802.35009765625,3847.0,3783.300048828125,3815.14990234375,3618.0,3489.699951171875,3479.3069921875,Asc50,3554.7324951171877,ForD,3510.0,3847.0,3506.550048828125,3815.14990234375,3719.600016276042,3751.4500325520835,3783.299967447917,3815.1499837239585,3846.999918619792,3878.849934895834,3910.699869791667,3258.350016276042,3382.4500325520835,3598.799967447917,3722.8999837239585,3939.249918619792,4063.349934895834,4279.699869791667
2023-07-13,POONAWALLA,368.8999938964844,374.5,365.0499877929688,369.2000122070313,360.8999938964844,327.70001220703125,343.69199829101564,Asc50,351.23999786376953,Asc20,362.8999938964844,374.5,357.6000061035156,369.2000122070313,355.21665445963544,360.1333211263021,364.66666666666663,369.5833333333333,374.1166788736978,379.03334554036445,383.566691080729,342.8000183105469,350.20001220703125,359.70001220703125,367.1000061035156,376.6000061035156,384.0,393.5
2023-07-13,PFC,228.1999969482422,228.6499938964844,222.0,224.6499938964844,230.3999938964844,217.6000061035156,192.02899993896483,Asc50,212.78000030517578,Asc20,221.3000030517578,230.3999938964844,217.6000061035156,224.6499938964844,214.90000406901038,218.4500020345052,221.54999796549478,225.0999959309896,228.19999186197919,231.749989827474,234.8499857584636,205.23334757486973,211.41667683919266,218.03333536783853,224.21666463216147,230.83332316080734,237.01665242513027,243.63331095377615
2023-07-13,POWERGRID,251.75,252.1999969482422,241.6999969482422,243.1000061035156,259.04998779296875,238.4499969482422,243.90200134277345,Asc50,250.97500228881836,Asc20,255.4499969482422,256.3999938964844,241.6999969482422,243.1000061035156,228.63333638509113,235.16666666666666,239.13333638509113,245.66666666666666,249.63333638509113,256.16666666666663,260.1333363850911,223.03334045410156,232.36666870117188,237.73333740234375,247.06666564941406,252.43333435058594,261.76666259765625,267.1333312988281
2023-07-13,PRESTIGE,598.0,616.2000122070312,521.2000122070312,567.5499877929688,573.0999755859375,602.2999877929688,531.4469989013672,Asc50,579.2699981689453,Asc20,581.0499877929688,616.2000122070312,521.2000122070312,567.5499877929688,425.433329264323,473.3166707356771,520.433329264323,568.3166707356771,615.433329264323,663.3166707356772,710.433329264323,425.433329264323,473.3166707356771,520.433329264323,568.3166707356771,615.433329264323,663.3166707356772,710.433329264323
2023-07-13,PGHH,14905.0,15130.0,14905.0,15093.349609375,15750.0,15248.7998046875,14005.26595703125,Asc50,14399.304931640625,Asc20,14921.0,15130.0,14440.0,15093.349609375,14730.56640625,14817.783203125,14955.56640625,15042.783203125,15180.56640625,15267.783203125,15405.56640625,13955.56640625,14197.783203125,14645.56640625,14887.783203125,15335.56640625,15577.783203125,16025.56640625
2023-07-13,PNB,61.79999923706055,62.20000076293945,58.150001525878906,59.09999847412109,53.84999847412109,57.75,52.3429997253418,Asc50,54.71249980926514,Asc20,61.0,62.34999847412109,58.150001525878906,59.09999847412109,53.38333384195964,55.76666768391927,57.43333307902019,59.81666692097982,61.483332316080734,63.866666158040374,65.53333155314128,53.18333689371747,55.66666920979819,57.38333384195965,59.86666615804037,61.58333079020183,64.06666310628255,65.783327738444
2023-07-13,RECLTD,169.60000610351562,169.60000610351562,163.75,165.3000030517578,168.85000610351562,150.5500030517578,147.73300048828125,Asc50,161.9574996948242,Asc20,166.0,171.14999389648438,163.75,165.3000030517578,156.9833272298177,160.36666361490884,162.83333333333331,166.21666971842447,168.68333943684894,172.06667582194007,174.53334554036456,154.9166768391927,159.33333841959634,162.31667073567706,166.73333231608072,169.71666463216144,174.13332621256507,177.11665852864581
2023-07-13,RELIANCE,2783.89990234375,2799.0,2737.25,2743.0,2540.10009765625,2856.14990234375,2524.861005859375,Asc50,2598.1950073242188,Asc20,2688.89990234375,2802.0,2675.0,2743.0,2658.75,2698.0,2720.5,2759.75,2782.25,2821.5,2844.0,2551.0,2613.0,2678.0,2740.0,2805.0,2867.0,2932.0
2023-07-13,SBICARD,844.9500122070312,854.5,831.6500244140625,835.75,695.5499877929688,892.5499877929688,876.5919982910157,Asc50,860.0524993896485,ForD,837.6500244140625,854.5,822.0,835.75,803.9167073567708,817.7833658854166,826.7666829427083,840.6333414713541,849.6166585286458,863.4833170572915,872.4666341145833,787.8333333333333,804.9166666666666,820.3333333333333,837.4166666666666,852.8333333333333,869.9166666666665,885.3333333333333
2023-07-13,SBILIFE,1312.0,1336.0,1305.050048828125,1313.949951171875,1317.25,1273.9000244140625,1233.5739990234374,Asc50,1287.352490234375,Asc20,1300.699951171875,1336.0,1283.199951171875,1313.949951171875,1269.7167154947915,1287.3833821614583,1300.6666666666665,1318.3333333333333,1331.6166178385415,1349.283284505208,1362.5665690104165,1233.2998860677085,1258.2499186197917,1286.0999348958335,1311.0499674479167,1338.8999837239585,1363.850016276042,1391.7000325520835
2023-07-13,SRF,2230.800048828125,2230.800048828125,2160.0,2173.449951171875,2865.0,2398.0,2415.5860107421877,ForD,2295.8300048828123,ForD,2223.0,2230.800048828125,2154.550048828125,2173.449951171875,2074.566569010417,2117.2832845052085,2145.366617838542,2188.0833333333335,2216.166666666667,2258.883382161459,2286.966715494792,2065.483317057292,2110.0166829427085,2141.733317057292,2186.2666829427085,2217.983317057292,2262.516682942709,2294.233317057292
2023-07-13,MOTHERSON,95.8499984741211,97.0500030517578,94.1999969482422,95.0500030517578,83.83333587646484,117.6999969482422,82.58300064086914,Asc50,86.91500053405761,Asc20,92.0,97.0500030517578,90.25,95.0500030517578,90.96665954589848,92.58332824707034,93.81666564941408,95.43333435058594,96.66667175292967,98.28334045410155,99.51667785644527,84.38333129882815,87.31666564941408,91.18333435058595,94.11666870117188,97.98333740234375,100.91667175292969,104.78334045410155
2023-07-13,SHREECEM,24312.0,24511.900390625,24015.0,24152.94921875,22905.0,30100.0,24832.8940625,ForD,24786.8099609375,ForD,23907.0,24511.900390625,23560.900390625,24152.94921875,23444.432291666664,23729.716145833332,23941.332682291664,24226.616536458332,24438.233072916664,24723.51692708333,24935.133463541664,22687.599609375,23124.25,23638.599609375,24075.25,24589.599609375,25026.25,25540.599609375
2023-07-13,SHRIRAMFIN,1817.5,1829.199951171875,1783.0,1789.0,1703.8499755859375,1793.550048828125,1500.613994140625,Asc50,1685.6024841308595,Asc20,1728.949951171875,1829.199951171875,1703.8499755859375,1789.0,1725.4000651041665,1754.2000325520833,1771.6000162760415,1800.3999837239583,1817.7999674479165,1846.599934895833,1863.9999186197915,1593.483357747396,1648.6666666666667,1718.8333333333335,1774.0166422526042,1844.183308919271,1899.366617838542,1969.5332845052085
2023-07-13,SIEMENS,3840.39990234375,3840.39990234375,3704.0,3728.35009765625,3760.0,3670.0,3681.5269873046873,Asc50,3738.0,Asc20,3700.0,3876.14990234375,3638.14990234375,3728.35009765625,3538.366861979167,3621.1834309895835,3674.766764322917,3757.5833333333335,3811.166666666667,3893.983235677084,3947.566569010417,3380.950032552083,3509.5499674479165,3618.950032552083,3747.5499674479165,3856.950032552083,3985.549967447916,4094.950032552083
2023-07-13,SONACOMS,545.7000122070312,550.7999877929688,533.0,542.4000244140625,519.0499877929688,654.0,,ForD,,ForD,537.2000122070312,550.7999877929688,532.0,542.4000244140625,515.5333658854167,524.2666829427084,533.3333536783855,542.0666707356771,551.1333414713542,559.866658528646,568.933329264323,513.86669921875,522.933349609375,532.6666870117188,541.7333374023438,551.4666748046875,560.5333251953125,570.2666625976562
2023-07-13,SBIN,594.9000244140625,598.0,583.3499755859375,585.6500244140625,606.0999755859375,591.6500244140625,579.5109985351562,Asc50,576.3724914550781,Asc20,594.6500244140625,599.7999877929688,583.3499755859375,585.6500244140625,565.3499755859375,574.3499755859375,580.0,589.0,594.6500244140625,603.6500244140625,609.300048828125,562.9499918619792,573.1499837239584,579.4000040690105,589.5999959309896,595.8500162760417,606.050008138021,612.300028483073
2023-07-13,SAIL,91.0,91.4000015258789,89.3499984741211,89.8499984741211,77.9000015258789,85.0,84.72300018310547,Asc50,86.7050006866455,Asc20,87.0,91.4000015258789,86.9000015258789,89.8499984741211,86.94999440511069,88.14999643961589,88.9999974568685,90.1999994913737,91.05000050862631,92.25000254313153,93.10000356038412,82.86666615804037,84.88333384195964,87.36666615804037,89.38333384195964,91.86666615804037,93.88333384195965,96.36666615804037
2023-07-13,SUNPHARMA,1081.9000244140625,1081.9000244140625,1071.699951171875,1075.6500244140625,993.5,1030.5,989.782998046875,Asc50,1023.6999969482422,Asc20,1036.0,1083.75,1031.0999755859375,1075.6500244140625,1060.7332356770835,1066.2165934244792,1070.933308919271,1076.4166666666667,1081.1333821614585,1086.6167399088545,1091.333455403646,990.5999755859375,1010.8499755859375,1043.25,1063.5,1095.9000244140625,1116.1500244140625,1148.550048828125
2023-07-13,SUNTV,488.8999938964844,498.3999938964844,480.1000061035156,481.6499938964844,612.0,570.4000244140625,445.90799926757813,Asc50,449.49749755859375,ForD,464.0,498.3999938964844,457.0,481.6499938964844,456.73334757486975,468.4166768391927,475.0333353678385,486.71666463216144,493.33332316080725,505.01665242513013,511.633310953776,418.23333740234375,437.6166687011719,459.6333312988281,479.01666259765625,501.0333251953125,520.4166564941406,542.4333190917969
2023-07-13,SYNGENE,787.0,787.0,765.1500244140625,767.4000244140625,746.75,718.9000244140625,727.3490026855469,Asc50,749.4050048828125,Asc20,765.0,787.0,754.5499877929688,767.4000244140625,737.5167236328125,751.3333740234375,759.36669921875,773.183349609375,781.2166748046875,795.0333251953125,803.066650390625,719.8499959309895,737.1999918619791,752.3000081380208,769.6500040690104,784.750020345052,802.1000162760415,817.2000325520833
2023-07-13,TVSMOTOR,1339.0,1348.0,1325.3499755859375,1329.75,1289.0,1354.5,1294.4549975585937,Asc50,1323.4524963378906,ForD,1326.949951171875,1355.0,1306.300048828125,1329.75,1298.083292643229,1311.7166341145833,1320.7333170572915,1334.3666585286458,1343.383341471354,1357.016682942708,1366.0333658854165,1257.0000813802085,1281.6500651041667,1305.7000325520835,1330.3500162760417,1354.3999837239585,1379.049967447917,1403.0999348958335
2023-07-13,TATACHEM,987.4000244140624,990.5,971.4000244140624,977.0,1214.9000244140625,1161.449951171875,985.667998046875,Asc50,993.3649993896485,ForD,1006.0,1007.0,971.4000244140624,977.0,949.6667073567706,960.5333658854165,968.7666829427083,979.6333414713541,987.8666585286459,998.7333170572916,1006.9666341145835,927.6667073567706,949.5333658854165,963.2666829427083,985.1333414713541,998.8666585286459,1020.7333170572916,1034.4666341145835
2023-07-13,TATACOMM,1612.0,1617.5999755859375,1564.050048828125,1584.4000244140625,1613.699951171875,1255.550048828125,1425.4840014648437,Asc50,1581.5675048828125,Asc20,1557.75,1659.949951171875,1526.9000244140625,1584.4000244140625,1506.216796875,1535.1334228515625,1559.7667236328125,1588.683349609375,1613.316650390625,1642.2332763671875,1666.8665771484375,1387.833455403646,1457.3667399088542,1520.8833821614585,1590.4166666666667,1653.933308919271,1723.4665934244795,1786.9832356770835
2023-07-13,TCS,3284.0,3367.449951171875,3272.75,3340.550048828125,4043.0,3889.14990234375,3263.2149951171873,Asc50,3256.349987792969,Asc20,3324.75,3367.449951171875,3250.10009765625,3340.550048828125,3191.683430989583,3232.2167154947915,3286.383382161458,3326.9166666666665,3381.083333333333,3421.616617838541,3475.783284505208,3153.93359375,3202.016845703125,3271.283447265625,3319.36669921875,3388.63330078125,3436.716552734375,3505.983154296875
2023-07-13,TATACONSUM,847.0,849.0,835.2000122070312,837.3499755859375,675.0,722.5499877929688,814.9150024414063,Asc50,850.1775024414062,Asc20,841.5,849.0,822.0,837.3499755859375,818.2333374023438,826.7166748046875,832.0333251953125,840.5166625976562,845.8333129882812,854.316650390625,859.63330078125,796.2333170572917,809.1166585286459,823.2333170572917,836.1166585286459,850.2333170572917,863.116658528646,877.2333170572917
2023-07-13,TATAELXSI,7431.25,7593.7001953125,7431.0,7568.0498046875,6974.0,6199.0,7419.236005859375,Asc50,7581.944995117187,ForD,7550.0,7593.7001953125,7310.0,7568.0498046875,7305.432942708334,7368.216471354167,7468.133138020834,7530.916666666667,7630.833333333334,7693.616861979168,7793.533528645834,7103.766276041666,7206.883138020833,7387.466471354166,7490.583333333333,7671.166666666666,7774.283528645832,7954.866861979166
2023-07-13,TATAMOTORS,625.0,626.5,615.5,620.6500244140625,602.2999877929688,585.9000244140625,552.3410015869141,Asc50,589.3149993896484,Asc20,624.0,634.7999877929688,615.5,620.6500244140625,604.2666829427083,609.8833414713541,615.2666829427083,620.8833414713541,626.2666829427083,631.883341471354,637.2666829427083,593.2000325520833,604.3500162760416,612.500020345052,623.6500040690104,631.8000081380208,642.949991861979,651.0999959309895
2023-07-13,TATAPOWER,227.0,227.1999969482422,220.8999938964844,221.8500061035156,182.3500061035156,190.0,216.07899993896484,Asc50,222.70500106811522,Asc20,229.25,229.25,220.8999938964844,221.8500061035156,213.13333129882815,217.01666259765628,219.43333435058594,223.31666564941406,225.73333740234372,229.61666870117185,232.0333404541015,210.3999938964844,215.6499938964844,218.75,224.0,227.1000061035156,232.3500061035156,235.4500122070312
2023-07-13,TATASTEEL,116.0,116.9499969482422,114.5,114.8499984741211,98.8000030517578,89.44999694824219,109.9600001525879,Asc50,112.84999961853028,Asc20,112.25,116.9499969482422,111.6500015258789,114.8499984741211,111.46666971842444,112.98333485921222,113.91666666666664,115.43333180745442,116.36666361490884,117.88332875569662,118.81666056315105,106.71667226155597,109.18333689371744,112.01666768391927,114.48333231608073,117.31666310628256,119.78332773844403,122.61665852864586
2023-07-13,TTML,74.44999694824219,76.55000305175781,72.30000305175781,73.0,77.69999694824219,70.69999694824219,69.02099983215332,Asc50,74.12249908447265,ForD,73.44999694824219,76.55000305175781,72.19999694824219,73.0,67.1000010172526,69.7000020345052,71.3500010172526,73.9500020345052,75.6000010172526,78.20000203450519,79.8500010172526,66.9333241780599,69.56666056315105,71.28333028157553,73.91666666666667,75.63333638509116,78.26667277018231,79.98334248860678
2023-07-13,TECHM,1159.4000244140625,1191.9000244140625,1153.5,1175.25,1068.0,1151.8499755859375,1099.2249975585937,Asc50,1130.9599914550781,Asc20,1159.949951171875,1191.9000244140625,1135.5999755859375,1175.25,1116.7999674479165,1135.1499837239583,1155.199991861979,1173.5500081380208,1193.6000162760415,1211.950032552083,1232.000040690104,1086.966593424479,1111.2832845052083,1143.266642252604,1167.5833333333333,1199.566691080729,1223.883382161458,1255.866739908854
2023-07-13,RAMCOCEM,930.2000122070312,945.0,924.5,928.7999877929688,580.0,1120.0,883.2929968261719,Asc50,933.6974945068359,ForD,934.0,945.0,917.9500122070312,928.7999877929688,900.0333251953125,912.2666625976562,920.5333251953125,932.7666625976562,941.0333251953125,953.2666625976562,961.5333251953125,889.116678873698,903.5333455403646,916.1666666666667,930.5833333333334,943.2166544596355,957.6333211263022,970.2666422526042
2023-07-13,TITAN,,,,,3024.39990234375,2833.25,,ForD,,ForD,3155.0,3155.0,3030.25,3096.5,,,,,,,,2908.083333333333,2969.1666666666665,3032.833333333333,3093.9166666666665,3157.583333333333,3218.666666666666,3282.333333333333
2023-07-13,TORNTPHARM,1938.0,1942.699951171875,1919.0999755859373,1930.3499755859373,1939.949951171875,1884.9000244140625,1780.352001953125,Asc50,1882.8274963378906,Asc20,1919.4000244140625,1950.4000244140625,1888.199951171875,1930.3499755859373,1895.1333414713538,1907.1166585286455,1918.7333170572915,1930.7166341145833,1942.3332926432292,1954.3166097005208,1965.933268229167,1833.3665364583335,1860.7832438151042,1895.566609700521,1922.9833170572917,1957.7666829427085,1985.1833902994795,2019.966756184896
2023-07-13,TORNTPOWER,626.9000244140625,628.9500122070312,607.75,612.0999755859375,648.5,624.6500244140625,597.8659997558593,Asc50,633.9124969482422,ForD,636.0999755859375,637.5,607.75,612.0999755859375,582.38330078125,595.066650390625,603.5833129882812,616.2666625976562,624.7833251953125,637.4666748046875,645.9833374023438,570.9833170572917,589.3666585286459,600.7333170572917,619.1166585286459,630.4833170572917,648.866658528646,660.2333170572917
2023-07-13,TRENT,1690.949951171875,1708.0,1658.800048828125,1666.0,1725.0,1479.800048828125,1605.7359985351563,Asc50,1718.3774963378905,Asc20,1714.949951171875,1717.949951171875,1658.800048828125,1666.0,1598.0000813802085,1628.4000651041667,1647.2000325520835,1677.6000162760417,1696.3999837239585,1726.799967447917,1745.5999348958335,1584.7334798177085,1621.7667643229167,1643.8833821614585,1680.9166666666667,1703.0332845052085,1740.066569010417,1762.1831868489585
2023-07-13,TRIDENT,33.349998474121094,33.400001525878906,32.599998474121094,32.70000076293945,25.049999237060547,29.350000381469727,33.2770000076294,Asc50,33.464999961853025,ForD,33.79999923706055,33.900001525878906,32.599998474121094,32.70000076293945,31.59999593098958,32.099997202555336,32.39999898274739,32.90000025431315,33.200002034505204,33.700003306070954,34.000005086263016,30.93332926432292,31.766663869222008,32.233332316080734,33.06666692097982,33.533335367838546,34.36666997273764,34.83333841959636
2023-07-13,TIINDIA,3314.949951171875,3385.89990234375,3208.0,3228.89990234375,3225.14990234375,3398.699951171875,2919.0799853515623,Asc50,3146.127478027344,Asc20,3199.949951171875,3385.89990234375,3125.0,3228.89990234375,2984.7333984375,3096.36669921875,3162.63330078125,3274.2666015625,3340.533203125,3452.16650390625,3518.43310546875,2846.400065104167,2985.7000325520835,3107.299967447917,3246.5999348958335,3368.199869791667,3507.499837239584,3629.099772135417
2023-07-13,UPL,642.5,649.5,630.0,631.0,607.5,794.0,680.1049963378906,ForD,671.2749908447265,ForD,666.5,666.5,630.0,631.0,604.6666666666667,617.3333333333334,624.1666666666667,636.8333333333334,643.6666666666667,656.3333333333335,663.1666666666667,582.0,606.0,618.5,642.5,655.0,679.0,691.5
2023-07-13,ULTRACEMCO,8268.0,8350.0,8206.5,8234.0,8432.150390625,7752.39990234375,8017.837998046875,Asc50,8283.647534179687,Asc20,8350.0,8443.2998046875,8152.5,8234.0,8033.5,8120.0,8177.0,8263.5,8320.5,8407.0,8464.0,7819.100260416668,7985.800130208334,8109.900065104168,8276.599934895834,8400.699869791668,8567.399739583336,8691.499674479168
2023-07-13,UNIONBANK,82.75,83.05000305175781,80.0,80.8499984741211,71.19999694824219,73.1500015258789,72.7079997253418,Asc50,74.45749931335449,Asc20,80.75,83.19999694824219,80.0,80.8499984741211,76.49999491373697,78.24999745686848,79.54999796549478,81.3000005086263,82.6000010172526,84.3500035603841,85.65000406901041,76.30000305175781,78.1500015258789,79.5,81.3499984741211,82.69999694824219,84.54999542236328,85.89999389648438
2023-07-13,UBL,1489.0,1508.5,1486.699951171875,1501.25,1733.5999755859375,1785.800048828125,1463.8709985351563,Asc50,1501.389990234375,Asc20,1505.0,1508.75,1470.050048828125,1501.25,1467.333251953125,1477.0166015625,1489.13330078125,1498.816650390625,1510.933349609375,1520.61669921875,1532.7333984375,1439.2500813802085,1454.6500651041667,1477.9500325520835,1493.3500162760417,1516.6499837239585,1532.049967447917,1555.3499348958335
2023-07-13,MCDOWELL-N,929.4500122070312,939.5,917.0999755859376,924.5,787.4500122070312,951.7999877929688,868.1340026855469,Asc50,912.35,Asc20,907.3499755859376,939.5,905.2000122070312,924.5,892.1666259765626,904.6333007812501,914.566650390625,927.0333251953125,936.9666748046874,949.4333496093749,959.3666992187498,872.3333536783855,888.7666829427084,906.6333414713542,923.0666707356771,940.933329264323,957.366658528646,975.2333170572917
2023-07-13,VBL,845.0,846.9500122070312,823.0,832.8499755859375,835.7000122070312,755.0,805.1194982910156,Asc50,812.4099975585938,ForD,823.0,849.0,806.9000244140625,832.8499755859375,797.63330078125,810.316650390625,821.5833129882812,834.2666625976562,845.5333251953125,858.2166748046875,869.4833374023438,768.0666910807292,787.4833577473959,810.1666666666667,829.5833333333334,852.2666422526042,871.683308919271,894.3666178385417
2023-07-13,VEDL,278.5,281.3999938964844,277.5,278.04998779296875,437.5,401.0,281.0429986572266,Asc50,279.4324951171875,Asc20,283.0,283.8999938964844,275.0,278.04998779296875,272.66666666666663,275.0833333333333,276.566660563151,278.9833272298177,280.4666544596354,282.883321126302,284.36664835611975,265.16666666666663,270.0833333333333,274.066660563151,278.9833272298177,282.9666544596354,287.883321126302,291.86664835611975
2023-07-13,IDEA,7.349999904632568,7.449999809265137,7.150000095367432,7.25,6.300000190734863,9.5,7.28600001335144,Asc50,7.502499985694885,ForD,7.5,7.5,7.150000095367432,7.25,6.816667079925537,6.983333587646484,7.116666793823242,7.2833333015441895,7.416666507720947,7.5833330154418945,7.716666221618652,6.750000158945719,6.950000127156575,7.100000063578287,7.300000031789144,7.4499999682108555,7.649999936421711,7.799999872843424
2023-07-13,VOLTAS,762.4000244140625,764.4000244140625,746.25,748.8499755859375,1317.300048828125,1287.5,792.372998046875,ForD,769.0774963378906,ForD,760.25,767.4000244140625,746.25,748.8499755859375,723.7832845052083,735.0166422526041,741.9333089192708,753.1666666666666,760.0833333333333,771.316691080729,778.2333577473958,719.7832845052083,733.0166422526041,740.9333089192708,754.1666666666666,762.0833333333333,775.316691080729,783.2333577473958
2023-07-13,WHIRLPOOL,1462.6500244140625,1462.6500244140625,1432.050048828125,1434.9000244140625,1299.0,1240.0,1420.9760034179687,Asc50,1462.8825073242188,Asc20,1452.25,1471.0,1432.050048828125,1434.9000244140625,1393.1500651041665,1412.6000569661458,1423.750040690104,1443.2000325520833,1454.3500162760415,1473.8000081380205,1484.949991861979,1382.0167643229165,1407.0334065755208,1420.9667154947915,1445.9833577473958,1459.9166666666665,1484.9333089192705,1498.8666178385415
2023-07-13,WIPRO,391.8500061035156,398.6000061035156,391.25,394.2999877929688,540.0,574.75,391.1420007324219,Asc50,387.8775009155274,ForD,395.8500061035156,398.6000061035156,387.8500061035156,394.2999877929688,383.48331705729163,387.3666585286458,390.83332316080725,394.71666463216144,398.1833292643229,402.066670735677,405.5333353678385,377.816660563151,382.8333333333333,388.566660563151,393.5833333333333,399.316660563151,404.33333333333326,410.066660563151
2023-07-13,YESBANK,17.399999618530273,17.75,17.049999237060547,17.149999618530273,24.75,14.649999618530272,16.244999904632568,Asc50,16.589999866485595,Asc20,17.299999237060547,17.75,17.0,17.149999618530273,16.18333180745443,16.616665522257488,16.883332570393883,17.31666628519694,17.583333333333336,18.016667048136398,18.28333409627279,16.09999974568685,16.549999872843426,16.84999974568685,17.299999872843426,17.59999974568685,18.04999987284343,18.34999974568685
2023-07-13,ZEEL,201.25,202.8500061035156,197.6499938964844,198.8999938964844,228.0,272.5,189.34200073242187,ForD,186.40750045776366,ForD,207.6499938964844,209.3999938964844,194.4499969482422,198.8999938964844,191.54997762044277,194.5999857584636,196.74998982747397,199.79999796549478,201.95000203450516,205.00001017252598,207.15001424153635,177.4833323160807,185.96666463216144,192.4333292643229,200.91666158040366,207.38332621256512,215.86665852864587,222.33332316080734
2023-07-13,ZOMATO,77.8499984741211,84.5,77.6500015258789,82.19999694824219,57.29999923706055,61.5,70.84600006103516,Asc50,75.54250030517578,Asc20,73.44999694824219,84.5,73.4000015258789,82.19999694824219,71.55000050862631,74.60000101725261,78.3999989827474,81.4499994913737,85.2499974568685,88.29999796549481,92.09999593098959,64.46666717529297,68.93333435058594,75.56666564941406,80.03333282470703,86.66666412353516,91.13333129882812,97.76666259765625
2023-07-13,ZYDUSLIFE,594.0,597.0,588.8499755859375,591.4500122070312,426.6000061035156,331.54998779296875,536.5219989013672,Asc50,571.2949981689453,Asc20,585.2000122070312,597.0,580.0999755859375,591.4500122070312,579.7166341145833,584.2833048502604,587.8666585286458,592.4333292643229,596.0166829427083,600.5833536783853,604.1667073567708,565.13330078125,572.6166381835938,582.0333251953125,589.5166625976562,598.933349609375,606.4166870117188,615.8333740234375
