,Unnamed: 0,Stock Name,3M Price Chart,Market Cap (Cr),Last Close,Day High Low (%),Week High Low (%),Month High Low (%),Qtr High Low(%),1 Year High low(%),3 Year High low(%),5 Year High low(%),10 Year High low(%),Symbol,Sector,WkLow,MonHi,MonLow,52wkhi,52wklo,52wkhigap,Monthly Range%,52wk Range%,Monthly Return%,1 Year Return%,3 Year Return%
0,0,ACC Ltd.,,34843.0,1855.5,L  0.3%  H  1848.2  1867.4,L  1.0%  H  1826.2  1869.5,L  4.0%  H  1704.5  1870,L  6.0%  H  1592.4  1870,L  -11.0%  H  1592.4  2785,L  49.7%  H  1220.6  2785,L  42.5%  H  895.2  2785,L  52.7%  H  895.2  2785,ACC,CEMENT & CEMENT PRODUCTS,1826.2,1870.0,1704.5,2785.0,1592.4,33.37522441651706,9.709592255793487,74.893242903793,4.0,-11.0,49.7
1,1,Adani Ports & Special Econ...,,161448.8,747.4,L  1.1%  H  740.8  749.7,L  1.7%  H  733.6  749.7,L  8.8%  H  659.5  785.7,L  10.0%  H  571.6  785.7,L  9.6%  H  395.1  987.9,L  119.3%  H  298  987.9,L  100.4%  H  203  987.9,L  403.0%  H  116.7  987.9,ADANIPORTS,SERVICES,733.6,785.7,659.5,987.9,395.1,24.34456928838952,19.13570887035634,150.0379650721336,8.8,9.6,119.3
2,2,Aditya Birla Fashion and R...,,19821.1,208.9,L  -1.3%  H  208.5  213.5,L  4.8%  H  197.4  215.8,L  5.4%  H  184.4  215.8,L  -2.8%  H  184.4  227.6,L  -8.8%  H  184.4  359.5,L  55.4%  H  111.8  359.5,L  47.6%  H  97  359.5,L  ;  H  75  359.5,ABCAPITAL,FINANCIAL SERVICES,197.4,215.8,184.4,359.5,184.4,41.89151599443671,17.02819956616053,94.95661605206074,5.4,-8.8,55.4
3,3,Alkem Laboratories Ltd.,,40639.5,3399.0,L  0.1%  H  3391.3  3446.0,L  -0.5%  H  3337  3451.0,L  -0.4%  H  3186.3  3460,L  7.7%  H  3087.6  3625,L  11.4%  H  2855  3625,L  42.0%  H  2282.9  4070,L  73.8%  H  1660  4070,L  ;  H  1152.5  4070,ALKEM,PHARMA,3337.0,3460.0,3186.3,3625.0,2855.0,6.234482758620685,8.58990051156514,26.970227670753054,-0.4,11.4,42.0
4,4,Ambuja Cements Ltd.,,91518.4,460.9,L  0.6%  H  457  465.6,L  1.1%  H  453.5  468.9,L  15.0%  H  395.5  468.9,L  21.7%  H  354.3  468.9,L  28.2%  H  315.3  598,L  141.8%  H  183.2  598,L  124.9%  H  136.6  598,L  158.9%  H  136.6  598,AMBUJACEM,CEMENT & CEMENT PRODUCTS,453.5,468.9,395.5,598.0,315.3,22.926421404682273,18.55878634639696,89.66064065968918,15.0,28.2,141.8
5,5,Apollo Hospitals Enterpris...,,74768.8,5200.1,L  -0.4%  H  5163.1  5294,L  5.6%  H  4915.1  5294,L  14.2%  H  4410.3  5294,L  20.4%  H  4168  5294,L  41.9%  H  3556.1  5294,L  278.8%  H  1311  5935.4,L  403.3%  H  910.1  5935.4,L  422.9%  H  801.2  5935.4,APOLLOHOSP,HEALTHCARE SERVICES,4915.1,5294.0,4410.3,5294.0,3556.1,1.7737060823573736,20.03718567897874,48.87095413514806,14.2,41.9,278.8
6,6,Ashok Leyland Ltd.,,48269.9,164.4,L  4.5%  H  158.1  167.8,L  7.9%  H  151.6  167.8,L  7.8%  H  144.1  167.8,L  17.6%  H  133.1  167.8,L  26.6%  H  128.2  169.5,L  223.3%  H  46.7  169.5,L  15.6%  H  33.7  169.5,L  632.3%  H  11.8  169.5,ASHOKLEY,AUTOMOBILE,151.6,167.8,144.1,169.5,128.2,3.0088495575221197,16.446911866759216,32.21528861154448,7.8,26.6,223.3
7,7,Asian Paints Ltd.,,318151.5,3316.9,L  0.7%  H  3286.6  3322,L  4.3%  H  3151.2  3322,L  5.7%  H  3046  3322,L  14.6%  H  2708.7  3322,L  24.8%  H  2560  3582.9,L  104.5%  H  1587.3  3590,L  158.7%  H  1118  3590,L  627.5%  H  373.4  3590,ASIANPAINT,CONSUMER GOODS,3151.2,3322.0,3046.0,3582.9,2560.0,7.424153618577134,9.061063690085348,39.95703125000001,5.7,24.8,104.5
8,8,Aurobindo Pharma Ltd.,,39996.2,682.6,L  -0.4%  H  676.1  689.9,L  2.0%  H  661.1  690,L  6.4%  H  581.3  690,L  44.2%  H  466  690,L  30.6%  H  397.2  690,L  -11.2%  H  397.2  1063.9,L  11.2%  H  288.9  1063.9,L  704.8%  H  69.2  1063.9,AUROPHARMA,PHARMA,661.1,690.0,581.3,690.0,397.2,1.0724637681159388,18.699466712540858,73.71601208459215,6.4,30.6,-11.2
9,9,Avenue Supermarts Ltd.,,265716.7,4085.6,L  4.3%  H  3951.5  4144,L  12.5%  H  3584.1  4144,L  17.4%  H  3352  4144,L  20.8%  H  3295  4144,L  10.9%  H  3292  4609,L  70.0%  H  1954.9  5900,L  166.1%  H  1125.8  5900,L  ;  H  558.3  5900,DMART,CONSUMER SERVICES,3584.1,4144.0,3352.0,4609.0,3292.0,11.356042525493603,23.62768496420047,40.006075334143375,17.4,10.9,70.0
10,10,Axis Bank Ltd.,,302266.4,981.6,L  0.5%  H  977.2  985.5,L  0.7%  H  968.6  989.7,L  7.0%  H  909.0  989.7,L  18.2%  H  823  989.7,L  54.6%  H  618.3  989.7,L  157.3%  H  375.3  989.7,L  85.6%  H  286  989.7,L  278.1%  H  152.7  989.7,AXISBANK,FINANCIAL SERVICES,968.6,989.7,909.0,989.7,618.3,0.8184298272203683,8.877887788778892,60.06792819019895,7.0,54.6,157.3
11,11,Bajaj Auto Ltd.,,131347.4,4642.0,L  -1.7%  H  4620  4714.8,L  -2.1%  H  4620  4795,L  2.3%  H  4464.1  4829.9,L  22.2%  H  3769.6  4829.9,L  26.9%  H  3461.3  4829.9,L  70.8%  H  2646.2  4829.9,L  61.3%  H  1788.7  4829.9,L  163.1%  H  1680.1  4829.9,BAJAJ-AUTO,AUTOMOBILE,4620.0,4829.9,4464.1,4829.9,3461.3,3.8903496966810835,8.194260881252635,39.54005720394069,2.3,26.9,70.8
12,12,Bajaj Finance Ltd.,,436455.2,7203.2,L  1.1%  H  7131  7218.6,L  2.4%  H  7041.6  7218.6,L  6.2%  H  6662  7218.6,L  26.0%  H  5485.7  7218.6,L  36.3%  H  5220  7778,L  204.6%  H  2332.1  8050,L  215.4%  H  1783  8050,L  4903.6%  H  96.5  8050,BAJFINANCE,FINANCIAL SERVICES,7041.6,7218.6,6662.0,7778.0,5220.0,7.390074569298022,8.354848393875724,49.003831417624525,6.2,36.3,204.6
13,13,Bajaj Finserv Ltd.,,240292.1,1508.6,L  2.3%  H  1474.7  1515,L  2.9%  H  1462.0  1515,L  5.6%  H  1397.1  1515,L  16.6%  H  1215  1515,L  31.5%  H  1072.7  1844,L  194.2%  H  500.8  1932.5,L  152.3%  H  398.5  1932.5,L  2336.4%  H  56.1  1932.5,BAJAJFINSV,FINANCIAL SERVICES,1462.0,1515.0,1397.1,1844.0,1072.7,18.1887201735358,8.438909168992925,71.90267549174978,5.6,31.5,194.2
14,14,Balkrishna Industries Ltd.,,45796.8,2369.0,L  1.7%  H  2310  2373.0,L  4.6%  H  2251.1  2373.0,L  6.6%  H  2130.1  2492.0,L  19.6%  H  1908.9  2492.0,L  12.4%  H  1796.3  2492.0,L  97.5%  H  1182  2723.8,L  114.6%  H  679  2723.8,L  1933.1%  H  99.3  2723.8,BALKRISIND,AUTOMOBILE,2251.1,2492.0,2130.1,2492.0,1796.3,4.9357945425361205,16.98981268485049,38.72961086678173,6.6,12.4,97.5
15,15,Bank of Baroda,,97273.3,188.1,L  2.6%  H  183.5  188.5,L  1.8%  H  182.7  188.7,L  0.9%  H  178  190,L  17.8%  H  155.7  190,L  92.9%  H  89.9  197.2,L  319.4%  H  39.5  197.2,L  43.3%  H  36  197.2,L  48.3%  H  36  228.9,BANKBARODA,FINANCIAL SERVICES,182.7,190.0,178.0,197.2,89.9,4.614604462474647,6.741573033707859,119.35483870967741,0.9,92.9,319.4
16,16,Bank of India,,30017.6,73.2,L  -0.1%  H  72.8  74.3,L  0.6%  H  72.8  74.8,L  -5.1%  H  72  78.2,L  2.5%  H  67.6  89.2,L  72.3%  H  40.4  103.5,L  47.0%  H  38.2  103.5,L  -25.7%  H  30.4  110.2,L  -74.2%  H  30.4  357,BANKBARODA,FINANCIAL SERVICES,182.7,190.0,178.0,197.2,89.9,62.88032454361054,6.741573033707859,119.35483870967741,0.9,92.9,319.4
17,17,Bata India Ltd.,,20771.3,1616.1,L  0.1%  H  1605.4  1634.2,L  2.6%  H  1560.8  1634.2,L  4.7%  H  1509  1634.2,L  14.8%  H  1381.1  1634.2,L  -3.7%  H  1381.1  2004.9,L  21.5%  H  1213.8  2262,L  107.3%  H  779.5  2262,L  298.3%  H  385.5  2262,BATAINDIA,CONSUMER GOODS,1560.8,1634.2,1509.0,2004.9,1381.1,19.392488403411644,8.29688535453943,45.16689595250165,4.7,-3.7,21.5
18,18,Berger Paints (India) Ltd.,,65430.2,673.6,L  -0.5%  H  671.4  680,L  4.0%  H  639.3  680,L  10.0%  H  610.5  680,L  11.6%  H  565.2  680,L  18.5%  H  527.2  710.3,L  33.3%  H  488.1  873.0,L  131.3%  H  260  873.0,L  717.8%  H  51.4  873.0,BERGEPAINT,CONSUMER GOODS,639.3,680.0,610.5,710.3,527.2,5.166830916514142,11.384111384111396,34.730652503793614,10.0,18.5,33.3
19,19,Bharat Electronics Ltd.,,91518.4,125.2,L  2.7%  H  121.7  127.3,L  4.0%  H  118.8  127.3,L  15.4%  H  105.7  127.3,L  36.2%  H  89.9  127.3,L  61.6%  H  74.6  127.3,L  431.6%  H  23.6  127.3,L  221.4%  H  18.7  127.3,L  834.3%  H  8.2  127.3,BEL,INDUSTRIAL MANUFACTURING,118.8,127.3,105.7,127.3,74.6,1.649646504320501,20.435193945127715,70.64343163538875,15.4,61.6,431.6
20,20,Bharat Forge Ltd.,,39009.3,837.9,L  1.8%  H  824.4  841.7,L  2.7%  H  814.3  841.7,L  8.9%  H  752.9  841.7,L  6.3%  H  743.6  841.7,L  32.3%  H  615  919.5,L  140.7%  H  306.6  919.5,L  30.3%  H  207.5  919.5,L  645.1%  H  92.7  919.5,BHARATFORG,INDUSTRIAL MANUFACTURING,814.3,841.7,752.9,919.5,615.0,8.874388254486131,11.794395005976899,49.51219512195122,8.9,32.3,140.7
21,21,Bharat Heavy Electricals Ltd.,,30206.9,86.8,L  2.6%  H  85.2  87.4,L  1.1%  H  83.4  87.4,L  6.3%  H  77.3  87.4,L  14.8%  H  67.6  88.0,L  90.2%  H  41.4  91.6,L  206.0%  H  26.8  91.6,L  15.4%  H  18.4  91.6,L  -26.1%  H  18.4  200,BHEL,INDUSTRIAL MANUFACTURING,83.4,87.4,77.3,91.6,41.4,5.2401746724890845,13.065976714100923,121.256038647343,6.3,90.2,206.0
22,22,Bharat Petroleum Corporati...,,81737.4,376.8,L  -0.6%  H  374.4  378.7,L  4.8%  H  360.2  380.5,L  4%  H  354.6  380.5,L  7.4%  H  327  380.5,L  20.9%  H  288.1  380.5,L  4.7%  H  288.1  503,L  -8.6%  H  238.6  549,L  206.4%  H  76.0  551.6,BPCL,OIL & GAS,360.2,380.5,354.6,380.5,288.1,0.9724047306176042,7.304004512126339,32.072197153766034,4.0,20.9,4.7
23,23,Bharti Airtel Ltd.,,475633.5,837.8,L  1.0%  H  820.8  840,L  0.5%  H  819  844,L  6.4%  H  783.9  888.8,L  12.3%  H  738.9  888.8,L  28.1%  H  628.8  888.8,L  53.8%  H  394  888.8,L  121.5%  H  276.9  888.8,L  189.4%  H  276.5  888.8,BHARTIARTL,TELECOM,819.0,888.8,783.9,888.8,628.8,5.738073807380739,13.381808904196957,41.348600508905854,6.4,28.1,53.8
24,24,Indus Towers Ltd.,,44116.1,163.7,L  0.1%  H  163.4  165.7,L  4.1%  H  158  173.0,L  5.9%  H  141.6  173.0,L  6.9%  H  135.8  173.0,L  -20.7%  H  135.2  230.9,L  -24.2%  H  135.2  332.8,L  -44.2%  H  120.1  335,L  5.6%  H  120.1  499.7,INDUSTOWER,TELECOM,158.0,173.0,141.6,230.9,135.2,29.10350801212647,22.17514124293787,70.78402366863908,5.9,-20.7,-24.2
25,25,Biocon Ltd.,,29402.7,244.9,L  0.6%  H  243.5  248.0,L  1.6%  H  237.7  248.0,L  -0.6%  H  234  260.6,L  10.4%  H  191.6  260.6,L  -23.9%  H  191.6  341.7,L  -36.4%  H  191.6  487.8,L  -21.5%  H  191.6  487.8,L  433.0%  H  45  487.8,BIOCON,PHARMA,237.7,260.6,234.0,341.7,191.6,28.328943517705586,11.367521367521372,78.34029227557411,-0.6,-23.9,-36.4
26,26,Bosch Ltd.,,56025.0,18995.7,L  -0.2%  H  18880.1  19198,L  1.3%  H  18739.0  19348,L  -0.1%  H  18245.7  19348,L  4.8%  H  17975.1  19850.4,L  40.2%  H  13165  19850.4,L  79.8%  H  10414.7  19850.4,L  4.4%  H  7850  22400,L  110.9%  H  7850  27990,BOSCHLTD,AUTOMOBILE,18739.0,19348.0,18245.7,19850.4,13165.0,4.3057066860113675,6.04142345867793,50.78161792631979,-0.1,40.2,79.8
27,27,Britannia Industries Ltd.,,121510.8,5044.7,L  1.4%  H  4970  5058.6,L  3.4%  H  4865  5058.6,L  9.5%  H  4484.2  5058.6,L  17.0%  H  4153  5058.6,L  48.8%  H  3271.0  5058.6,L  50.8%  H  3050  5058.6,L  64.4%  H  2100  5058.6,L  1378.0%  H  322.6  5058.6,BRITANNIA,CONSUMER GOODS,4865.0,5058.6,4484.2,5058.6,3271.0,0.27477958328392393,12.809419740421934,54.6499541424641,9.5,48.8,50.8
28,28,Zydus Lifesciences Ltd.,,55777.5,551.1,L  0.4%  H  548.1  559.3,L  8.5%  H  504  559.3,L  6.8%  H  485.0  559.3,L  14.9%  H  468.9  559.3,L  60.6%  H  329.8  559.3,L  52.7%  H  319  673.7,L  38.3%  H  202  673.7,L  264.5%  H  125.8  673.7,ZYDUSWELL,CONSUMER GOODS,504.0,559.3,485.0,559.3,329.8,1.4661183622385,15.31958762886596,69.58762886597935,6.8,60.6,52.7
29,29,Canara Bank,,55104.2,303.8,L  2.3%  H  297.6  305,L  -2.3%  H  296.0  316.4,L  -0.5%  H  291.4  316.6,L  7.9%  H  272.4  326.9,L  67.8%  H  171.8  341.7,L  199.4%  H  82.3  341.7,L  12.6%  H  73.7  341.7,L  -22.0%  H  73.7  498,CANBK,FINANCIAL SERVICES,296.0,316.6,291.4,341.7,171.8,11.091600819432246,8.64790665751547,98.8940628637951,-0.5,67.8,199.4
30,30,Cholamandalam Investment &...,,92623.5,1126.7,L  1.2%  H  1112  1131,L  5.7%  H  1054.3  1131,L  10.4%  H  1007.2  1131,L  50.9%  H  709.9  1131,L  80.0%  H  611.3  1131,L  624.8%  H  153.2  1131,L  249.7%  H  117.4  1131,L  2102.6%  H  40.4  1131,CHOLAFIN,FINANCIAL SERVICES,1054.3,1131.0,1007.2,1131.0,611.3,0.38019451812555394,12.29150119142175,85.0155406510715,10.4,80.0,624.8
31,31,Cipla Ltd.,,81210.8,1006.1,L  0.8%  H  993.8  1007.2,L  3.8%  H  955.2  1007.2,L  9.1%  H  911.6  1007.2,L  13.9%  H  852  1007.2,L  6.9%  H  852  1185.3,L  57.7%  H  621.1  1185.3,L  64.5%  H  355.3  1185.3,L  166.2%  H  355.3  1185.3,CIPLA,PHARMA,955.2,1007.2,911.6,1185.3,852.0,15.118535391883903,10.487055726195704,39.11971830985914,9.1,6.9,57.7
32,32,Coal India Ltd.,,140849.2,228.6,L  0.0%  H  228  229.7,L  0.4%  H  226.7  230.3,L  -5.2%  H  226.7  247.9,L  3.5%  H  207.6  247.9,L  27.0%  H  174.8  263.4,L  74.3%  H  109.6  263.4,L  -18.1%  H  109.6  299.8,L  -24.1%  H  109.6  447.1,COALINDIA,METALS,226.7,247.9,226.7,263.4,174.8,13.211845102505693,9.351565946184405,50.686498855835225,-5.2,27.0,74.3
33,33,Colgate-Palmolive (India) ...,,45141.5,1659.7,L  0.9%  H  1640.2  1667,L  4.0%  H  1594  1668,L  -0.1%  H  1568  1687,L  10.6%  H  1481  1714.5,L  9.6%  H  1434.6  1714.5,L  24.8%  H  1322.2  1823.4,L  36.1%  H  1018.3  1823.4,L  151.3%  H  595  1823.4,COLPAL,CONSUMER GOODS,1594.0,1687.0,1568.0,1714.5,1434.6,3.1962671332749992,7.589285714285721,19.51066499372649,-0.1,9.6,24.8
34,34,Container Corporation of I...,,40719.1,668.3,L  1.3%  H  658.1  670,L  -0.8%  H  646.1  671.2,L  3.9%  H  610  688,L  12.8%  H  555  688,L  8.1%  H  555  828.8,L  76.5%  H  351  828.8,L  32.3%  H  263.4  828.8,L  186.8%  H  203.0  828.8,CONCOR,SERVICES,646.1,688.0,610.0,828.8,555.0,19.365347490347496,12.786885245901637,49.333333333333314,3.9,8.1,76.5
35,35,Coromandel International Ltd.,,27538.6,936.6,L  -0.3%  H  931.1  944.3,L  0.5%  H  921  955.9,L  -2.7%  H  908.1  1004.3,L  8.8%  H  841.5  1004.3,L  1.0%  H  838  1094,L  38.3%  H  678.4  1094,L  123.0%  H  336.6  1094,L  395.3%  H  145.5  1094,COROMANDEL,FERTILISERS & PESTICIDES,921.0,1004.3,908.1,1094.0,838.0,14.387568555758678,10.593546966193145,30.5489260143198,-2.7,1.0,38.3
36,36,Crompton Greaves Consumer ...,,18710.6,292.5,L  -0.2%  H  291.9  297.8,L  6.3%  H  273.6  297.8,L  14.9%  H  252.1  297.8,L  2.1%  H  251  302.9,L  -8.0%  H  251  429,L  29.9%  H  222.8  512.8,L  31.3%  H  177.3  512.8,L  ;  H  125  512.8,CROMPTON,CONSUMER GOODS,273.6,297.8,252.1,429.0,251.0,31.818181818181824,18.12772709242365,70.91633466135458,14.9,-8.0,29.9
37,37,Cummins India Ltd.,,51096.3,1843.3,L  0.7%  H  1828  1863.3,L  3.4%  H  1771.2  1867,L  11.8%  H  1556  1867,L  11.2%  H  1481  1867,L  89.0%  H  950.9  1867,L  381.0%  H  368.4  1867,L  168.2%  H  280  1867,L  304.1%  H  280  1867,CUMMINSIND,INDUSTRIAL MANUFACTURING,1771.2,1867.0,1556.0,1867.0,950.9,1.2694161756829137,19.98714652956297,96.34030918077612,11.8,89.0,381.0
38,38,DLF Ltd.,,122775.5,496.0,L  1.2%  H  490.2  497.8,L  2.2%  H  485.7  508.8,L  5.1%  H  453.5  508.8,L  37.8%  H  346.5  508.8,L  63.1%  H  294.7  508.8,L  238.3%  H  134.5  508.8,L  148.2%  H  114.6  508.8,L  161.3%  H  72.4  508.8,DLF,CONSTRUCTION,485.7,508.8,453.5,508.8,294.7,2.515723270440251,12.194046306504958,72.65015269765864,5.1,63.1,238.3
39,39,Dabur India Ltd.,,101165.5,570.9,L  0.3%  H  565.3  573,L  3.8%  H  546.7  573,L  7.6%  H  515.4  573,L  6.8%  H  503.7  573,L  14.9%  H  482.3  610.8,L  27.3%  H  436.5  659.0,L  48.7%  H  357.6  659.0,L  274.0%  H  142.7  659.0,DABUR,CONSUMER GOODS,546.7,573.0,515.4,610.8,482.3,6.532416502946948,11.175785797438898,26.643168152602104,7.6,14.9,27.3
40,40,Divi's Laboratories Ltd.,,95027.1,3579.6,L  0.0%  H  3570  3633.1,L  4.4%  H  3309.0  3633.1,L  9.2%  H  3051  3633.1,L  27.8%  H  2762  3633.1,L  0.4%  H  2730  3973.9,L  54.3%  H  2090.1  5425.1,L  225.1%  H  995.0  5425.1,L  637.9%  H  452.6  5425.1,company,N/A,3309.0,3633.1,3051.0,3973.9,2730.0,9.922242633181511,19.0789904949197,45.56410256410257,9.2,0.4,54.3
41,41,Dr. Reddy's Laboratories Ltd.,,81857.5,4915.1,L  2.3%  H  4825.2  4940,L  5.3%  H  4654.5  4940,L  8.9%  H  4384.1  4940,L  12.1%  H  4383.8  4989,L  14.6%  H  3997  4989,L  22.7%  H  3654  5614.6,L  109.2%  H  1873.0  5614.6,L  125.9%  H  1873.0  5614.6,DRREDDY,PHARMA,4654.5,4940.0,4384.1,4989.0,3997.0,1.4812587692924373,12.67991149836909,24.81861396047036,8.9,14.6,22.7
42,42,Eicher Motors Ltd.,,96843.3,3538.9,L  0.1%  H  3490  3563.9,L  -1.2%  H  3490  3642.3,L  -2.6%  H  3490  3748,L  16.6%  H  2836  3748,L  33.4%  H  2585.1  3889.7,L  111.8%  H  1655  3889.7,L  19.7%  H  1245.0  3889.7,L  907.0%  H  296.5  3889.7,EICHERMOT,AUTOMOBILE,3490.0,3748.0,3490.0,3889.7,2585.1,9.01869038743347,7.392550143266474,50.46613283818808,-2.6,33.4,111.8
43,43,Federal Bank Ltd.,,26202.5,123.8,L  1.4%  H  122.1  124.4,L  -1.1%  H  121.8  126,L  -2.5%  H  121.8  128.8,L  -2.8%  H  121.8  140.3,L  42.4%  H  84  143.4,L  164.4%  H  45.4  143.4,L  47.5%  H  35.7  143.4,L  191.7%  H  22.3  143.4,FEDERALBNK,FINANCIAL SERVICES,121.8,128.8,121.8,143.4,84.0,13.668061366806139,5.747126436781613,70.71428571428572,-2.5,42.4,164.4
44,44,GAIL (India) Ltd.,,70682.3,107.5,L  0.3%  H  106.3  108,L  2.5%  H  104.6  108,L  -3.8%  H  103.0  112.5,L  -1.9%  H  101.9  114.0,L  14.8%  H  83  114.0,L  65.4%  H  54.1  115.7,L  -3.7%  H  43.3  133.1,L  89.5%  H  43.3  133.1,company,N/A,3309.0,3633.1,3051.0,3973.9,2730.0,97.29484888900073,19.0789904949197,45.56410256410257,9.2,0.4,54.3
45,45,Godrej Consumer Products Ltd.,,109429.2,1070.0,L  -0.7%  H  1048.3  1082,L  3.4%  H  1028  1085.2,L  5.7%  H  1002  1085.2,L  14.8%  H  897  1085.2,L  44.2%  H  708.5  1085.2,L  68.7%  H  619.7  1138,L  38.0%  H  425.1  1138,L  310.1%  H  222.3  1138,GODREJCP,CONSUMER GOODS,1028.0,1085.2,1002.0,1085.2,708.5,1.4006634721710376,8.303393213572852,53.16866619618914,5.7,44.2,68.7
46,46,HCL Technologies Ltd.,,311583.0,1148.2,L  0.4%  H  1132.5  1154.3,L  3.5%  H  1111.5  1154.3,L  5.3%  H  1062.7  1155.2,L  7.1%  H  1016.3  1155.2,L  19.0%  H  877.4  1156.7,L  97.7%  H  545  1377.8,L  142.2%  H  375.3  1377.8,L  501.4%  H  186.3  1377.8,HCLTECH,IT,1111.5,1155.2,1062.7,1156.7,877.4,0.7348491397942469,8.704243907029262,31.832687485753365,5.3,19.0,97.7
47,47,HDFC Bank Ltd.,,895821.9,1602.8,L  1.3%  H  1584  1609.2,L  -0.5%  H  1579  1615.8,L  -2.7%  H  1579  1654.0,L  3.3%  H  1540  1734.5,L  25.1%  H  1271.6  1734.5,L  61.8%  H  972  1734.5,L  57.9%  H  738.8  1734.5,L  382.0%  H  264  1734.5,HDFCBANK,FINANCIAL SERVICES,1579.0,1654.0,1579.0,1734.5,1271.6,7.592966272701074,4.749841671944277,36.402956904687024,-2.7,25.1,61.8
48,48,Havells India Ltd.,,84632.1,1350.9,L  -0.3%  H  1348.7  1369,L  0.4%  H  1329  1373.7,L  4.6%  H  1242.3  1373.7,L  14.0%  H  1131.8  1373.7,L  23.6%  H  1024.5  1405.6,L  144.7%  H  542  1504.5,L  143.2%  H  447.1  1504.5,L  814.0%  H  117.2  1504.5,HAVELLS,CONSUMER GOODS,1329.0,1373.7,1242.3,1405.6,1024.5,3.891576550939091,10.57715527650327,37.19863347974621,4.6,23.6,144.7
49,49,Hero MotoCorp Ltd.,,56596.2,2832.1,L  -0.4%  H  2805  2844.9,L  -2.3%  H  2805  2967.6,L  5.4%  H  2667.2  3026,L  19.5%  H  2246  3026,L  12.4%  H  2246  3026,L  18.2%  H  2146.9  3629.1,L  -23.3%  H  1475  3702.5,L  76.4%  H  1475  4092.0,HEROMOTOCO,AUTOMOBILE,2805.0,3026.0,2667.2,3026.0,2246.0,6.407799074686061,13.4523095380924,34.72840605520926,5.4,12.4,18.2
50,50,Hindalco Industries Ltd.,,95944.0,427.0,L  0.9%  H  425.8  431.5,L  2.9%  H  414  431.5,L  3.5%  H  397.8  431.5,L  10.9%  H  381  449.9,L  27.0%  H  309.0  504,L  184.4%  H  143.3  636,L  79.8%  H  84.9  636,L  311.9%  H  58.8  636,HINDALCO,METALS,414.0,431.5,397.8,504.0,309.0,15.277777777777779,8.471593765711404,63.106796116504846,3.5,27.0,184.4
51,51,Hindustan Petroleum Corpor...,,38783.1,273.4,L  -0.2%  H  271  275,L  4.3%  H  263.0  279.5,L  4.7%  H  251.7  279.5,L  11.8%  H  220.1  279.5,L  29.0%  H  200.1  279.5,L  30.3%  H  162.9  354.8,L  -10.8%  H  150  354.8,L  369.7%  H  35.1  492.8,HINDPETRO,OIL & GAS,263.0,279.5,251.7,279.5,200.1,2.1824686940966065,11.044894715931663,39.68015992003999,4.7,29.0,30.3
52,52,Hindustan Unilever Ltd.,,638066.8,2715.7,L  1.0%  H  2683.2  2724,L  3.0%  H  2627.5  2724,L  1.5%  H  2580.6  2738.2,L  10.4%  H  2419  2738.2,L  26.5%  H  2100  2741.6,L  30.8%  H  1901.6  2859.3,L  67.5%  H  1477.2  2859.3,L  357.5%  H  537.2  2859.3,HINDUNILVR,CONSUMER GOODS,2627.5,2738.2,2580.6,2741.6,2100.0,0.9447038225853577,6.107106874370305,30.552380952380954,1.5,26.5,30.8
53,53,Hindustan Zinc Ltd.,,128661.0,304.5,L  0.2%  H  303.9  309.5,L  1.3%  H  298.7  309.5,L  -2.0%  H  298.7  313.6,L  -0.1%  H  292.3  331.6,L  10.7%  H  242.1  383,L  72.9%  H  172.7  408.6,L  0.1%  H  116.1  408.6,L  175.7%  H  94  408.6,HINDZINC,METALS,298.7,313.6,298.7,383.0,242.1,20.496083550913834,4.9882825577502565,58.19909128459315,-2.0,10.7,72.9
54,54,Housing Development Financ...,,489881.0,2650.5,L  1.2%  H  2626.1  2664,L  -0.1%  H  2618  2664,L  -2.7%  H  2618  2732.4,L  4.7%  H  2513.5  2867,L  28.9%  H  2026  2867,L  45.5%  H  1623  3021.1,L  44.7%  H  1473.5  3021.1,L  217.4%  H  632.2  3021.1,HDFC,FINANCIAL SERVICES,2618.0,2732.4,2618.0,2867.0,2026.0,7.551447506103937,4.3697478991596705,41.510365251727535,-2.7,28.9,45.5
55,55,ITC Ltd.,,563113.5,453.1,L  1.1%  H  447.9  455.6,L  3.3%  H  433.9  455.6,L  6.9%  H  411.4  455.6,L  18.8%  H  369.7  455.6,L  73.8%  H  258.6  455.6,L  144.9%  H  163.4  455.6,L  71.3%  H  134.6  455.6,L  104.9%  H  134.6  455.6,ITC,CONSUMER GOODS,433.9,455.6,411.4,455.6,258.6,0.5487269534679595,10.743801652892571,76.17942768754833,6.9,73.8,144.9
56,56,ICICI Bank Ltd.,,653455.6,934.2,L  0.8%  H  927  937.8,L  -0.4%  H  924.4  947.0,L  -1.3%  H  924.4  958.9,L  13.4%  H  818.7  958.9,L  37.7%  H  670.0  958.9,L  172.4%  H  333.8  958.9,L  230.7%  H  256.5  958.9,L  366.2%  H  137.6  958.9,ICICIBANK,FINANCIAL SERVICES,924.4,958.9,924.4,958.9,670.0,2.575868182292207,3.7321505841626967,43.119402985074615,-1.3,37.7,172.4
57,57,ICICI Prudential Life Insu...,,76849.1,534.2,L  4.2%  H  512.8  541.0,L  7.9%  H  491.3  541.0,L  23.0%  H  420  541.0,L  30.4%  H  391  541.0,L  2.8%  H  380.7  608.8,L  35.1%  H  380.7  724.3,L  33.2%  H  226.1  724.3,L  ;  H  226.1  724.3,ICICIPRULI,FINANCIAL SERVICES,491.3,541.0,420.0,608.8,380.7,12.253613666228635,28.809523809523817,59.91594431310743,23.0,2.8,35.1
58,58,IDFC First Bank Ltd.,,54129.9,81.7,L  3.4%  H  79.3  82.4,L  14.0%  H  70.9  82.4,L  21.2%  H  65.6  82.4,L  47.6%  H  52.1  82.4,L  158.1%  H  29.0  82.4,L  228.1%  H  24.1  82.4,L  88.9%  H  17.7  82.4,L  ;  H  17.7  83.4,IDFCFIRSTB,FINANCIAL SERVICES,70.9,82.4,65.6,82.4,29.0,0.8495145631068013,25.609756097560997,184.1379310344828,21.2,158.1,228.1
59,59,Vodafone Idea Ltd.,,37970.2,7.8,L  ;  H  7.8  8,L  6.9%  H  7.3  8.3,L  6.1%  H  6.9  8.3,L  20.9%  H  5.7  8.3,L  -8.2%  H  5.7  10.1,L  -20%  H  4.6  16.8,L  -87.1%  H  2.4  63.2,L  -94.3%  H  2.4  204,IDEA,TELECOM,7.3,8.3,6.9,10.1,5.7,22.77227722772277,20.28985507246377,77.19298245614034,6.1,-8.2,-20.0
60,60,Indian Hotels Company Ltd.,,57277.6,403.3,L  2.5%  H  393.2  404.2,L  5.6%  H  380.6  404.2,L  10.9%  H  364.3  404.2,L  25.7%  H  302.1  404.2,L  88.2%  H  207.3  404.2,L  378.1%  H  76.1  404.2,L  204.6%  H  62.1  404.2,L  743.6%  H  37.5  404.2,INDHOTEL,CONSUMER SERVICES,380.6,404.2,364.3,404.2,207.3,0.22266204849084037,10.952511666209164,94.9831162566329,10.9,88.2,378.1
61,61,Indian Oil Corporation Ltd.,,130127.2,92.2,L  -0.8%  H  91.9  93.2,L  2.1%  H  90.2  93.7,L  5.9%  H  84.8  93.7,L  15.3%  H  75.8  93.7,L  27.8%  H  65.2  93.7,L  62.9%  H  47.8  94.3,L  -17.6%  H  47.4  118.1,L  119.5%  H  31  154.3,IOC,OIL & GAS,90.2,93.7,84.8,93.7,65.2,1.6008537886872953,10.49528301886793,43.71165644171779,5.9,27.8,62.9
62,62,Indraprastha Gas Ltd.,,32672.5,466.8,L  -0.1%  H  463.7  469.3,L  0.8%  H  459.4  472.4,L  -3.8%  H  457.2  492.0,L  9.2%  H  407  515.7,L  36.4%  H  335.4  515.7,L  -1.6%  H  321  602.1,L  77.3%  H  215.2  602.1,L  725.7%  H  47.0  602.1,IGL,OIL & GAS,459.4,492.0,457.2,515.7,335.4,9.482257126236194,7.6115485564304475,53.756708407871216,-3.8,36.4,-1.6
63,63,IndusInd Bank Ltd.,,101964.1,1314.0,L  1.3%  H  1294.6  1318.6,L  -1.3%  H  1288.5  1342.9,L  7.7%  H  1214  1342.9,L  29.1%  H  990.2  1342.9,L  62.3%  H  763.2  1342.9,L  172.7%  H  461  1342.9,L  -33.2%  H  235.6  2038,L  172.6%  H  235.6  2038,INDUSINDBK,FINANCIAL SERVICES,1288.5,1342.9,1214.0,1342.9,763.2,2.1520589768411758,10.617792421746298,75.95649895178198,7.7,62.3,172.7
64,64,Info Edge (India) Ltd.,,57059.3,4416.9,L  2.2%  H  4331.1  4445,L  6.6%  H  4156.8  4445,L  12.3%  H  3703.0  4445,L  28.9%  H  3355  4445,L  22.3%  H  3308.2  4624.9,L  57.0%  H  2620.8  7465.4,L  254.0%  H  1126.2  7465.4,L  1296.4%  H  276.4  7465.4,NAUKRI,CONSUMER SERVICES,4156.8,4445.0,3703.0,4624.9,3308.2,4.497394538260291,20.03780718336483,39.80110029623361,12.3,22.3,57.0
65,65,InterGlobe Aviation Ltd.,,93668.7,2429.5,L  0.6%  H  2415.6  2450.6,L  -1.4%  H  2331.1  2485,L  6.5%  H  2230.5  2488,L  30.2%  H  1810.7  2488,L  47.3%  H  1511.8  2488,L  141.7%  H  875.3  2488,L  99.1%  H  691  2488,L  ;  H  691  2488,INDIGO,SERVICES,2331.1,2488.0,2230.5,2488.0,1511.8,2.351286173633438,11.544496749607713,64.57203333774308,6.5,47.3,141.7
66,66,JSW Energy Ltd.,,42202.4,256.6,L  -2.2%  H  255.2  263.5,L  -1.8%  H  255.2  269,L  0.7%  H  240  274,L  0.8%  H  221  274,L  20.8%  H  182.1  369,L  432.9%  H  43  408,L  255.9%  H  34.8  408,L  404.1%  H  33.7  408,JSWENERGY,POWER,255.2,274.0,240.0,369.0,182.1,30.46070460704606,14.16666666666666,102.63591433278418,0.7,20.8,432.9
67,67,JSW Steel Ltd.,,187600.5,776.1,L  0.7%  H  772.7  781.8,L  3.7%  H  744.7  781.8,L  10.4%  H  681.1  781.8,L  17.2%  H  655.8  781.8,L  42.2%  H  536.1  783.5,L  308.4%  H  185.7  790,L  133.4%  H  132.5  790,L  1033.7%  H  46.2  790,JSWSTEEL,METALS,744.7,781.8,681.1,783.5,536.1,0.9444798978940572,14.784906768462779,46.14810669651184,10.4,42.2,308.4
68,68,Jindal Steel & Power Ltd.,,55513.2,544.2,L  1.3%  H  538.8  548.0,L  3.9%  H  521.6  548.0,L  -2.9%  H  503  549.9,L  -1.7%  H  503  604.5,L  66.6%  H  304.2  622.8,L  279.2%  H  138.6  622.8,L  132.6%  H  62  622.8,L  123.8%  H  48.1  622.8,JINDALSTEL,METALS,521.6,549.9,503.0,622.8,304.2,12.620423892100174,9.32405566600396,104.73372781065086,-2.9,66.6,279.2
69,69,Jubilant Foodworks Ltd.,,32870.2,498.2,L  0.2%  H  493  500,L  3.9%  H  474.7  500,L  6.7%  H  449.5  500,L  17.1%  H  412.1  500,L  -2.6%  H  412.1  652.4,L  47.1%  H  319.2  918,L  80.1%  H  195.4  918,L  408.5%  H  76.1  918,JUBLFOOD,CONSUMER SERVICES,474.7,500.0,449.5,652.4,412.1,23.635806253832005,11.234705228031139,58.31108954137343,6.7,-2.6,47.1
70,70,Kotak Mahindra Bank Ltd.,,368993.9,1857.4,L  1.3%  H  1833  1861.7,L  -0.8%  H  1828.7  1884,L  -4.6%  H  1828.7  2064.4,L  11.7%  H  1671.2  2064.4,L  10.8%  H  1631  2064.4,L  45.5%  H  1228.4  2253,L  38.6%  H  1001  2253,L  390.9%  H  294  2253,KOTAKBANK,FINANCIAL SERVICES,1828.7,2064.4,1828.7,2064.4,1631.0,10.02712652586708,12.888937496582265,26.572654812998174,-4.6,10.8,45.5
71,71,L&T Finance Holdings Ltd.,,29325.6,118.3,L  0.6%  H  117.2  119.5,L  12.5%  H  104.8  121.5,L  19.4%  H  97.3  121.5,L  37.9%  H  79.0  121.5,L  73.3%  H  66.0  121.5,L  93.2%  H  55.6  121.5,L  -28.4%  H  45.9  189.5,L  53.6%  H  45.9  213.9,L&TFH,FINANCIAL SERVICES,104.8,121.5,97.3,121.5,66.0,2.6337448559670795,24.871531346351496,84.09090909090908,19.4,73.3,93.2
72,72,LIC Housing Finance Ltd.,,21254.4,386.4,L  2.6%  H  377.1  393.0,L  6.2%  H  363.2  393.0,L  -2.1%  H  362.8  393.0,L  11.3%  H  315.1  398,L  24.3%  H  291.8  443.6,L  36.1%  H  255  542.5,L  -22.1%  H  185.3  587,L  47.3%  H  152.8  794,LICHSGFIN,FINANCIAL SERVICES,363.2,393.0,362.8,443.6,291.8,12.89449954914338,8.324145534729865,52.02193283070598,-2.1,24.3,36.1
73,73,Lupin Ltd.,,37790.7,830.5,L  -0.5%  H  827  843.7,L  3.0%  H  810.0  843.7,L  5.0%  H  769.6  843.7,L  24.7%  H  628  843.7,L  37.7%  H  592.9  843.7,L  -10.3%  H  583  1267.7,L  -9.1%  H  504.8  1267.7,L  6.0%  H  504.8  2129,LUPIN,PHARMA,810.0,843.7,769.6,843.7,592.9,1.5645371577575062,9.628378378378377,42.30055658627088,5.0,37.7,-10.3
74,74,MRF Ltd.,,42365.4,99892.5,L  -0.2%  H  99549.5  100695.0,L  1.5%  H  98152.8  100849.6,L  3.5%  H  95225.3  100849.6,L  20.2%  H  81786.5  100849.6,L  48.7%  H  65878.4  100849.6,L  59.4%  H  55300  100849.6,L  32.6%  H  49915.1  100849.6,L  598.0%  H  12050  100849.6,MRF,AUTOMOBILE,98152.8,100849.6,95225.3,100849.6,65878.4,0.949036981802609,5.906308512548675,53.08447078253269,3.5,48.7,59.4
75,75,Mahindra & Mahindra Financ...,,37683.7,305.0,L  3.7%  H  293.5  305.9,L  7.6%  H  281.2  305.9,L  7.4%  H  278.6  305.9,L  26.0%  H  215.7  305.9,L  78.1%  H  164  305.9,L  81.4%  H  112.7  305.9,L  -35.8%  H  112.7  526.9,L  20.4%  H  112.7  534,M&M,AUTOMOBILE,281.2,305.9,278.6,305.9,164.0,0.294213795357956,9.798994974874354,86.52439024390242,7.4,78.1,81.4
76,76,Mahindra & Mahindra Ltd.,,174572.8,1403.9,L  0.8%  H  1393.4  1409.8,L  2.4%  H  1366  1409.8,L  11.2%  H  1237.5  1422.8,L  20.3%  H  1123.4  1422.8,L  39.7%  H  972.7  1422.8,L  177.0%  H  492  1422.8,L  54.4%  H  245.4  1422.8,L  195.9%  H  245.4  1422.8,M&M,AUTOMOBILE,281.2,305.9,278.6,305.9,164.0,-358.94083033671143,9.798994974874354,86.52439024390242,7.4,78.1,81.4
77,77,Marico Ltd.,,70885.5,548.2,L  0.5%  H  546.6  553.5,L  2.8%  H  528.5  553.5,L  2.2%  H  522  558.8,L  12.2%  H  462.7  558.8,L  13.1%  H  462.7  558.8,L  66.0%  H  328.5  607.7,L  61.9%  H  234  607.7,L  387.3%  H  95  607.7,MARICO,CONSUMER GOODS,528.5,558.8,522.0,558.8,462.7,1.8969219756621136,7.049808429118776,20.76939701750593,2.2,13.1,66.0
78,78,Maruti Suzuki India Ltd.,,290108.7,9603.7,L  0.1%  H  9552  9643.4,L  -0.3%  H  9490.5  9700,L  5.9%  H  8960.6  9800,L  13.8%  H  8130  9800,L  22.6%  H  7625.2  9800,L  74.5%  H  5445  9800,L  7.3%  H  4001.1  9929,L  534.3%  H  1215  9996.4,MARUTI,AUTOMOBILE,9490.5,9800.0,8960.6,9800.0,7625.2,2.0030612244897883,9.367676271678228,28.52121911556418,5.9,22.6,74.5
79,79,Max Financial Services Ltd.,,23816.4,690.1,L  2.8%  H  670.1  697.7,L  0.6%  H  668.3  697.7,L  1.3%  H  660.6  715.9,L  6.7%  H  599.1  715.9,L  -13.5%  H  599.1  885,L  42.0%  H  479.4  1148.1,L  47.0%  H  276.4  1148.1,L  244.8%  H  150.2  1148.1,MFSL,FINANCIAL SERVICES,668.3,715.9,660.6,885.0,599.1,22.0225988700565,8.371177717226752,47.721582373560345,1.3,-13.5,42.0
80,80,MphasiS Ltd.,,35043.3,1860.1,L  -0.8%  H  1852.1  1892,L  0.4%  H  1850  1914,L  -1.1%  H  1839.6  2040,L  -2.4%  H  1660.1  2040,L  -19.4%  H  1660.1  2444.9,L  121.1%  H  822.1  3659.8,L  73.6%  H  630  3659.8,L  379.2%  H  331.1  3659.8,MPHASIS,IT,1850.0,2040.0,1839.6,2444.9,1660.1,23.919178698515285,10.89367253750817,47.27426058671165,-1.1,-19.4,121.1
81,81,Muthoot Finance Ltd.,,46883.1,1167.9,L  1.0%  H  1145  1179,L  4.6%  H  1112  1179,L  9.9%  H  1022.5  1179,L  25.5%  H  925  1179,L  12.9%  H  911.3  1214.0,L  19.1%  H  911.3  1722.0,L  201.7%  H  356  1722.0,L  849.1%  H  72.6  1722.0,MUTHOOTFIN,FINANCIAL SERVICES,1112.0,1179.0,1022.5,1214.0,911.3,3.7973640856672097,15.305623471882646,33.21628442883793,9.9,12.9,19.1
82,82,NTPC Ltd.,,182491.3,188.2,L  0.8%  H  186.1  188.7,L  3.0%  H  182.7  188.7,L  6.1%  H  171.9  188.7,L  4.8%  H  166.8  188.7,L  31.7%  H  135.0  188.7,L  102.8%  H  78.1  188.7,L  44.7%  H  73.2  188.7,L  48.6%  H  73.2  188.7,NTPC,POWER,182.7,188.7,171.9,188.7,135.0,0.2649708532061479,9.77312390924956,39.77777777777778,6.1,31.7,102.8
83,83,Oberoi Realty Ltd.,,36882.0,1014.4,L  2.0%  H  996.3  1024,L  5.0%  H  958.3  1043.1,L  4.0%  H  884.8  1043.1,L  18.8%  H  814.3  1043.1,L  33.6%  H  726.0  1089.0,L  186.3%  H  330.9  1089.0,L  100.8%  H  290  1089.0,L  372.6%  H  153.2  1089.0,OBEROIRLTY,CONSTRUCTION,958.3,1043.1,884.8,1089.0,726.0,6.8503213957759375,17.891048824593113,50.0,4.0,33.6,186.3
84,84,Oil And Natural Gas Corpor...,,201481.8,157.0,L  -0.4%  H  156.4  158.7,L  1.8%  H  152.6  158.7,L  -6.6%  H  150.1  168.5,L  3.2%  H  146.5  169,L  9.4%  H  119.9  169,L  87.1%  H  64.1  195.0,L  -5.1%  H  50  195.0,L  -24.3%  H  50  314.6,ONGC,OIL & GAS,152.6,168.5,150.1,169.0,119.9,7.100591715976334,12.258494337108594,40.9507923269391,-6.6,9.4,87.1
85,85,Oil India Ltd.,,27576.4,254.3,L  0.3%  H  252.8  256.6,L  -0.6%  H  251.8  257.5,L  -2.6%  H  249.5  274.1,L  1.9%  H  245  274.1,L  -4%  H  167.9  274.1,L  151.2%  H  83.2  306,L  14.3%  H  63.5  306,L  -11.0%  H  63.5  335.0,OIL,OIL & GAS,251.8,274.1,249.5,274.1,167.9,7.22364100693178,9.859719438877757,63.25193567599763,-2.6,-4.0,151.2
86,86,PI Industries Ltd.,,59237.6,3904.5,L  1.3%  H  3840  3933,L  7.9%  H  3633.8  3933,L  16.5%  H  3165.1  3933,L  31.4%  H  2868.9  3933,L  54.1%  H  2442.1  3933,L  141.1%  H  1500  3933,L  390.1%  H  675.6  3933,L  3050.0%  H  121  3933,PIIND,FERTILISERS & PESTICIDES,3633.8,3933.0,3165.1,3933.0,2442.1,0.7246376811594235,24.261476730593024,61.04991605585357,16.5,54.1,141.1
87,87,Page Industries Ltd.,,43018.8,38568.4,L  0.5%  H  38377  39039,L  0.5%  H  37908.8  39039,L  -10.3%  H  34952.7  43390,L  4.2%  H  34952.7  43570,L  -3.7%  H  34952.7  54349.1,L  115.4%  H  17685  54349.1,L  44.9%  H  16254  54349.1,L  847.4%  H  3850  54349.1,PAGEIND,TEXTILES,37908.8,43390.0,34952.7,54349.1,34952.7,29.035807400674518,24.139193824797523,55.49328091964285,-10.3,-3.7,115.4
88,88,Petronet LNG Ltd.,,33915.0,226.1,L  -0.7%  H  225.6  228.4,L  1.5%  H  221.8  231,L  -1.5%  H  221.1  232.3,L  -4.9%  H  220.1  242.4,L  5.9%  H  195.4  242.4,L  -13.3%  H  190.3  280.8,L  6.8%  H  170.4  299,L  241.8%  H  51.3  299,PETRONET,OIL & GAS,221.8,232.3,221.1,242.4,195.4,6.724422442244227,5.065581184984169,24.05322415557829,-1.5,5.9,-13.3
89,89,Pidilite Industries Ltd.,,137136.3,2697.7,L  0.6%  H  2667.7  2705,L  3.2%  H  2607.8  2735,L  6.0%  H  2496  2735,L  15.2%  H  2296.3  2735,L  28.6%  H  1988.6  2919.0,L  88.5%  H  1307.0  2919.0,L  148.9%  H  895  2919.0,L  889.6%  H  219.4  2919.0,PIDILITIND,CHEMICALS,2607.8,2735.0,2496.0,2919.0,1988.6,7.5813634806440655,9.575320512820507,46.7866840993664,6.0,28.6,88.5
90,90,Power Finance Corporation ...,,52036.0,197.1,L  -1.9%  H  194.3  198.4,L  -0.8%  H  194.3  204.4,L  17.8%  H  163  204.4,L  24.6%  H  145.4  204.4,L  97.6%  H  97.1  204.4,L  138.0%  H  78.9  204.4,L  138.8%  H  67.5  204.4,L  138.3%  H  48.7  204.4,PFC,FINANCIAL SERVICES,194.3,204.4,163.0,204.4,97.1,3.571428571428581,25.398773006134977,110.50463439752835,17.8,97.6,138.0
91,91,Power Grid Corporation of ...,,171910.0,246.5,L  ;  H  244.5  247.4,L  0.6%  H  241.2  247.4,L  2.4%  H  230  247.4,L  6.2%  H  218.7  249.6,L  13.9%  H  186.4  249.6,L  102.0%  H  116.0  249.6,L  66.1%  H  91.6  249.6,L  201.2%  H  64.9  249.6,POWERGRID,POWER,241.2,247.4,230.0,249.6,186.4,1.2419871794871806,7.565217391304357,33.90557939914163,2.4,13.9,102.0
92,92,Prestige Estates Projects ...,,23051.6,575.1,L  0.7%  H  569.1  578.9,L  7.1%  H  541  602.3,L  14.2%  H  471.3  602.3,L  43.7%  H  395.1  602.3,L  41.4%  H  379  602.3,L  196.5%  H  167  602.3,L  108.7%  H  133.7  602.3,L  260.3%  H  105.7  602.3,PRESTIGE,CONSTRUCTION,541.0,602.3,471.3,602.3,379.0,4.516021915988699,27.795459367706332,58.918205804749334,14.2,41.4,196.5
93,93,Procter & Gamble Hygiene &...,,45272.9,13947.0,L  0.0%  H  13831.1  14012,L  0.7%  H  13792.6  14040,L  0.7%  H  13362  14129.7,L  4.2%  H  13140.1  14371.7,L  4.4%  H  13082  15500,L  40.7%  H  9691.4  16448.7,L  43.2%  H  8400  16448.7,L  365.6%  H  2355  16448.7,PGHH,CONSUMER GOODS,13792.6,14129.7,13362.0,15500.0,13082.0,10.019354838709681,5.745397395599472,18.483412322274884,0.7,4.4,40.7
94,94,Punjab National Bank,,56761.8,51.6,L  2.3%  H  50.5  52.5,L  0.4%  H  50.2  52.5,L  5.2%  H  48.4  52.8,L  7.4%  H  44.4  53.9,L  77.5%  H  28.1  62,L  55.5%  H  26.3  62,L  -42.6%  H  26.3  99.9,L  -65.2%  H  26.3  231.5,PNB,FINANCIAL SERVICES,50.2,52.8,48.4,62.0,28.1,16.774193548387096,9.090909090909083,120.64056939501779,5.2,77.5,55.5
95,95,Reliance Industries Ltd.,,1743831.1,2577.4,L  1.0%  H  2560.2  2582.4,L  3.9%  H  2465  2582.4,L  5.0%  H  2416.1  2582.4,L  15.8%  H  2180  2582.4,L  0.7%  H  2180  2755,L  59.3%  H  1602.1  2856.2,L  154.1%  H  875.7  2856.2,L  532.8%  H  382.0  2856.2,RELIANCE,OIL & GAS,2465.0,2582.4,2416.1,2755.0,2180.0,6.446460980036295,6.882993253590497,26.37614678899083,5.0,0.7,59.3
96,96,REC Ltd.,,40183.0,152.6,L  0.7%  H  150.6  153.7,L  2.4%  H  148.8  156.2,L  15.0%  H  127.4  156.2,L  30.2%  H  113.2  156.2,L  81.6%  H  82.2  156.2,L  89.4%  H  68.9  156.2,L  79.3%  H  59.1  156.2,L  102.5%  H  54.8  167.9,RECLTD,FINANCIAL SERVICES,148.8,156.2,127.4,156.2,82.2,2.3047375160051176,22.605965463108312,90.02433090024329,15.0,81.6,89.4
97,97,SRF Ltd.,,71066.4,2397.5,L  1.3%  H  2367.1  2404.9,L  -1.3%  H  2320.3  2424.8,L  -5.7%  H  2320.3  2577.0,L  3.8%  H  2290.3  2636,L  9.6%  H  2002.2  2865,L  231.6%  H  712.4  2865,L  530.0%  H  306.0  2865,L  7434.4%  H  25.2  2865,SRF,CHEMICALS,2320.3,2577.0,2320.3,2865.0,2002.2,16.31762652705061,11.063224583028042,43.092598142043755,-5.7,9.6,231.6
98,98,Shree Cements Ltd.,,94578.9,26213.2,L  0.3%  H  26110.1  26400,L  3.0%  H  25380.6  26400,L  7.4%  H  23705.8  26400,L  2.9%  H  23550  26599.9,L  40.1%  H  17865.2  27049,L  18.6%  H  17865.2  32048,L  61.7%  H  13100  32048,L  456.6%  H  3400.1  32048,SHREECEM,CEMENT & CEMENT PRODUCTS,25380.6,26400.0,23705.8,27049.0,17865.2,3.08994787237975,11.365151144445672,51.40608557418891,7.4,40.1,18.6
99,99,Shriram Finance Ltd.,,52533.4,1401.5,L  -0.9%  H  1390.1  1411,L  -1.1%  H  1390.1  1461.3,L  5.5%  H  1306  1461.3,L  12.1%  H  1202.2  1469.3,L  22.6%  H  1112.6  1509,L  113.8%  H  555.6  1696.4,L  -4.4%  H  440  1696.4,L  87.9%  H  440  1696.4,DCMSHRIRAM,CONSUMER GOODS,1390.1,1461.3,1306.0,1509.0,1112.6,7.123923127899268,11.891271056661568,35.62825813410031,5.5,22.6,113.8
100,100,Siemens Ltd.,,135080.0,3793.1,L  1.1%  H  3740  3799,L  3.7%  H  3638  3799,L  -2.0%  H  3314.1  3919,L  16.2%  H  3240  3938.4,L  62.0%  H  2250.8  3938.4,L  267.3%  H  1021  3938.4,L  279.9%  H  850.3  3938.4,L  589.6%  H  414  3938.4,SIEMENS,INDUSTRIAL MANUFACTURING,3638.0,3919.0,3314.1,3938.4,2250.8,3.689315458054032,18.25231586252678,74.97778567620401,-2.0,62.0,267.3
101,101,State Bank of India,,509818.5,571.3,L  0.8%  H  567.1  574.7,L  -1.3%  H  565.3  581.5,L  -2.6%  H  565.3  596.4,L  8.9%  H  501.6  596.4,L  29.4%  H  430.7  629.6,L  230.4%  H  169.3  629.6,L  105.9%  H  149.5  629.6,L  179.2%  H  145.3  629.6,SBIN,FINANCIAL SERVICES,565.3,596.4,565.3,629.6,430.7,9.259847522236353,5.501503626393078,46.180636173670784,-2.6,29.4,230.4
102,102,Steel Authority of India (...,,35171.4,85.2,L  0.4%  H  84.7  85.6,L  2.7%  H  83  85.8,L  1.3%  H  80.5  85.8,L  -0.2%  H  77.6  89.1,L  26.6%  H  63.6  93.9,L  188.6%  H  28.7  151.3,L  -0.5%  H  20.2  151.3,L  57.8%  H  20.2  151.3,SAIL,METALS,83.0,85.8,80.5,93.9,63.6,9.26517571884984,6.5838509316770155,47.641509433962256,1.3,26.6,188.6
103,103,Sun Pharmaceutical Industr...,,238014.0,992.0,L  0.4%  H  987.2  994.7,L  0.8%  H  981.1  996,L  5.4%  H  922.5  1017.7,L  2.5%  H  922.5  1023.9,L  21.8%  H  789.9  1072.2,L  105.2%  H  452.3  1072.2,L  73.6%  H  312  1072.2,L  108.1%  H  312  1200.8,SUNPHARMA,PHARMA,981.1,1017.7,922.5,1072.2,789.9,7.479947770938267,10.319783197831978,35.73870110140525,5.4,21.8,105.2
104,104,Sun TV Network Ltd.,,17530.9,444.9,L  0.5%  H  438.1  447,L  0.3%  H  438.1  451.2,L  -0.2%  H  423.1  467.4,L  2.3%  H  393.8  467.4,L  8.7%  H  393.8  568.5,L  18.7%  H  372  612,L  -51.0%  H  259.6  912.5,L  28.2%  H  255.8  1097.8,SUNTV,MEDIA ENTERTAINMENT & PUBLICATION,438.1,467.4,423.1,568.5,393.8,21.74142480211082,10.470337981564626,44.36262061960385,-0.2,8.7,18.7
105,105,Syngene International Ltd.,,29845.6,742.4,L  -1.0%  H  740  750.8,L  2.0%  H  725.7  756.0,L  6.8%  H  682.2  756.0,L  28.1%  H  569.8  756.0,L  38.5%  H  530.1  756.0,L  101.6%  H  365.0  756.0,L  154.1%  H  212.6  756.0,L  ;  H  147.5  756.0,SYNGENE,HEALTHCARE SERVICES,725.7,756.0,682.2,756.0,530.1,1.7989417989418,10.817941952506583,42.614601018675714,6.8,38.5,101.6
106,106,TVS Motor Company Ltd.,,64272.2,1352.9,L  1.5%  H  1323.0  1356.8,L  1.3%  H  1323.0  1384.8,L  8.7%  H  1220  1384.8,L  28.4%  H  1005  1384.8,L  81.1%  H  723.0  1384.8,L  282.0%  H  348.9  1384.8,L  132.1%  H  240.1  1384.8,L  3873.1%  H  28.1  1384.8,TVSMOTOR,AUTOMOBILE,1323.0,1384.8,1220.0,1384.8,723.0,2.303581744656258,13.50819672131147,91.53526970954356,8.7,81.1,282.0
107,107,Tata Consultancy Services ...,,1161712.2,3174.9,L  -1.3%  H  3156  3199.4,L  -1.1%  H  3156  3265,L  -2.6%  H  3156  3372,L  -0.3%  H  3070.3  3372,L  1.1%  H  2926.1  3575,L  55.2%  H  2009.3  4043,L  72.5%  H  1506.1  4043,L  337.7%  H  690.4  4043,TCS,IT,3156.0,3372.0,3156.0,3575.0,2926.1,11.191608391608387,6.844106463878319,22.176275588667504,-2.6,1.1,55.2
108,108,Tata Consumer Products Ltd.,,80150.5,862.8,L  -0.3%  H  852.1  870.5,L  7.7%  H  799.4  872.4,L  9.7%  H  756.5  872.4,L  24.3%  H  690  872.4,L  19.0%  H  686.6  872.4,L  133.8%  H  365  889,L  217.0%  H  177.1  889,L  516.5%  H  100  889,TATACONSUM,CONSUMER GOODS,799.4,872.4,756.5,872.4,686.6,1.1004126547455306,15.320555188367479,27.06087969705795,9.7,19.0,133.8
109,109,Tata Motors Ltd.,,189258.5,569.8,L  0.2%  H  566.1  572.2,L  1.3%  H  560.7  575,L  9.3%  H  504.8  576.6,L  37.1%  H  400.5  576.6,L  45.0%  H  375.2  576.6,L  501.4%  H  91.8  576.6,L  88.1%  H  63.5  576.6,L  92.0%  H  63.5  612.4,TATAMOTORS,AUTOMOBILE,560.7,576.6,504.8,576.6,375.2,1.17932708983699,14.22345483359746,53.67803837953093,9.3,45.0,501.4
110,110,Tata Power Company Ltd.,,71016.4,222.3,L  0.8%  H  220.9  223.7,L  0.5%  H  220.2  225.3,L  5.2%  H  201.8  226.2,L  9.3%  H  182.4  226.2,L  5.9%  H  182.4  251.2,L  441.4%  H  40.2  298.1,L  192.0%  H  27  298.1,L  174.4%  H  27  298.1,TATAPOWER,POWER,220.2,226.2,201.8,251.2,182.4,11.504777070063687,12.091179385530214,37.71929824561402,5.2,5.9,441.4
111,111,Tata Steel Ltd.,,139691.5,114.3,L  0.4%  H  113.9  114.8,L  4.9%  H  109.2  114.8,L  6.4%  H  104.1  114.8,L  8.8%  H  101.6  114.8,L  26.7%  H  82.7  124.3,L  269.7%  H  30.5  153.5,L  101.9%  H  25.1  153.5,L  316.7%  H  19.5  153.5,TATASTEEL,METALS,109.2,114.8,104.1,124.3,82.7,8.045052292839905,10.278578290105678,50.30229746070132,6.4,26.7,269.7
112,112,Tech Mahindra Ltd.,,104965.0,1077.2,L  -0.4%  H  1071.5  1087.0,L  1.3%  H  1062.2  1087.9,L  1.9%  H  1039  1139.2,L  -3.6%  H  981.1  1139.2,L  10.5%  H  943.7  1165,L  102.0%  H  528.4  1838,L  52.3%  H  471.4  1838,L  346.2%  H  237.8  1838,TECHM,IT,1062.2,1139.2,1039.0,1165.0,943.7,7.536480686695279,9.643888354186725,23.450249019815605,1.9,10.5,102.0
113,113,The Ramco Cements Ltd.,,22302.5,943.9,L  0.5%  H  939.5  950.4,L  1.2%  H  928.8  951.7,L  22.4%  H  763.3  951.7,L  31.6%  H  712.1  951.7,L  61.2%  H  575.7  951.7,L  54.3%  H  575.7  1132.7,L  29.1%  H  455  1132.7,L  302.7%  H  135.2  1132.7,RAMCOCEM,CEMENT & CEMENT PRODUCTS,928.8,951.7,763.3,951.7,575.7,0.8195860039928671,24.682300537141376,65.31179433732845,22.4,61.2,54.3
114,114,Titan Company Ltd.,,262278.7,2954.3,L  1.6%  H  2911.8  2960,L  2.7%  H  2833.3  2960,L  5.9%  H  2670  2960,L  20.6%  H  2441.6  2960,L  43.4%  H  1825.1  2960,L  208.4%  H  935  2960,L  227.0%  H  720.9  2960,L  1211.9%  H  202.5  2960,TITAN,CONSUMER GOODS,2833.3,2960.0,2670.0,2960.0,1825.1,0.19256756756755866,10.861423220973787,62.18289408799518,5.9,43.4,208.4
115,115,Torrent Pharmaceuticals Ltd.,,62889.9,1858.2,L  1.0%  H  1840.9  1879.2,L  2.9%  H  1797.6  1879.2,L  14.5%  H  1622  1884.9,L  19.8%  H  1501.5  1884.9,L  32.8%  H  1359.2  1884.9,L  48.7%  H  1115.9  1884.9,L  150.8%  H  695.3  1884.9,L  806.4%  H  192.5  1884.9,TORNTPHARM,PHARMA,1797.6,1884.9,1622.0,1884.9,1359.2,1.416520770332641,16.20838471023429,38.67716303708064,14.5,32.8,48.7
116,116,Torrent Power Ltd.,,32249.4,671.0,L  2.3%  H  651.3  678.8,L  -1.4%  H  651.3  687.9,L  26.7%  H  521.5  748.9,L  23.0%  H  484.2  748.9,L  42.8%  H  430.9  748.9,L  106.6%  H  293  748.9,L  164.6%  H  211.5  748.9,L  431.1%  H  66.6  748.9,TORNTPOWER,POWER,651.3,748.9,521.5,748.9,430.9,10.4019228201362,43.60498561840844,73.79902529589233,26.7,42.8,106.6
117,117,UPL Ltd.,,51855.7,690.9,L  1.5%  H  681.1  695.8,L  1.6%  H  674.2  695.8,L  2.7%  H  657.1  698.9,L  -0.8%  H  657.1  760.0,L  1.1%  H  607.5  807,L  66.8%  H  399  864.7,L  47.9%  H  240.2  864.7,L  648.2%  H  80.6  864.7,UPL,FERTILISERS & PESTICIDES,674.2,698.9,657.1,807.0,607.5,14.386617100371746,6.361284431593361,32.839506172839506,2.7,1.1,66.8
118,118,UltraTech Cement Ltd.,,240569.5,8333.3,L  ;  H  8305.9  8432.2,L  2.2%  H  8102.4  8432.2,L  8.2%  H  7585.1  8432.2,L  17.3%  H  7098  8432.2,L  57.1%  H  5157.1  8432.2,L  120.5%  H  3712  8432.2,L  125.7%  H  2910  8432.2,L  344.7%  H  1402.4  8432.2,ULTRACEMCO,CEMENT & CEMENT PRODUCTS,8102.4,8432.2,7585.1,8432.2,5157.1,1.1728848936220837,11.167947686912495,63.50662193868648,8.2,57.1,120.5
119,119,Union Bank of India,,48595.1,71.1,L  1.2%  H  70.2  71.5,L  -0.9%  H  70.1  72.9,L  -0.7%  H  68.4  73.5,L  10.2%  H  60.4  78.8,L  102.0%  H  34  96.4,L  146.0%  H  23.1  96.4,L  -21.3%  H  22.7  100.4,L  -66.5%  H  22.7  259.7,UNIONBANK,FINANCIAL SERVICES,70.1,73.5,68.4,96.4,34.0,26.244813278008305,7.456140350877183,183.52941176470588,-0.7,102.0,146.0
120,120,United Breweries Ltd.,,39983.3,1512.2,L  1.5%  H  1483.0  1524.8,L  2.4%  H  1460.1  1524.8,L  4.4%  H  1393.6  1524.8,L  4.0%  H  1353.5  1524.8,L  4.6%  H  1353.5  1806.5,L  50.6%  H  897  1806.5,L  19.0%  H  749.5  1806.5,L  136.1%  H  615.7  1806.5,UBL,CONSUMER GOODS,1460.1,1524.8,1393.6,1806.5,1353.5,16.291170772211462,9.414466130884037,33.468784632434435,4.4,4.6,50.6
121,121,United Spirits Ltd.,,66141.7,909.4,L  1.5%  H  896.9  911.8,L  2.4%  H  872  911.8,L  13.3%  H  781  911.8,L  17.1%  H  735.9  911.8,L  21.7%  H  712  951.8,L  50.4%  H  494  1020.0,L  34.3%  H  438.2  1020.0,L  91.9%  H  354.7  1020.0,MCDOWELL-N,CONSUMER GOODS,872.0,911.8,781.0,951.8,712.0,4.454717377600337,16.74775928297054,33.67977528089887,13.3,21.7,50.4
122,122,Voltas Ltd.,,26345.0,796.2,L  -0.6%  H  794.3  803.7,L  2.4%  H  774.2  827,L  -1.0%  H  774.2  832.0,L  -9.6%  H  762.8  903.1,L  -16.7%  H  737.2  1065.0,L  44.9%  H  529.6  1356.9,L  53.2%  H  427.5  1356.9,L  872.2%  H  62.5  1356.9,VOLTAS,CONSUMER GOODS,774.2,832.0,774.2,1065.0,737.2,25.239436619718305,7.465771118574005,44.46554530656537,-1.0,-16.7,44.9
123,123,Wipro Ltd.,,209288.3,381.3,L  -2.0%  H  379.2  388.7,L  -4.0%  H  379.2  399.8,L  -1.5%  H  379.2  409.8,L  2.3%  H  352  409.8,L  -9.7%  H  352  444.9,L  79.5%  H  211.1  739.9,L  90.5%  H  159.4  739.9,L  201.2%  H  124.1  739.9,WIPRO,IT,379.2,409.8,379.2,444.9,352.0,14.29534726904922,8.069620253164555,26.392045454545453,-1.5,-9.7,79.5
124,124,Zee Entertainment Enterpri...,,17976.1,187.2,L  0.3%  H  186.1  190.5,L  -3.6%  H  182  199.3,L  -1.0%  H  175.6  202.5,L  -9.5%  H  175.6  219.7,L  -12.4%  H  175.6  287,L  14.2%  H  134.7  378.7,L  -66.3%  H  114  575,L  -15.2%  H  114  619,ZEEL,MEDIA ENTERTAINMENT & PUBLICATION,182.0,202.5,175.6,287.0,175.6,34.77351916376307,15.318906605922544,63.43963553530752,-1.0,-12.4,14.2
125,125,Grasim Industries Ltd.,,117250.3,1780.8,L  0.5%  H  1771.1  1789.8,L  3.8%  H  1711.1  1799.9,L  3.1%  H  1667  1799.9,L  14.1%  H  1551  1799.9,L  38.6%  H  1276.6  1839.5,L  202.3%  H  565  1929.8,L  72.6%  H  385.1  1929.8,L  220.3%  H  385.1  1929.8,GRASIM,CEMENT & CEMENT PRODUCTS,1711.1,1799.9,1667.0,1839.5,1276.6,3.1910845338407157,7.9724055188962195,44.093686354378825,3.1,38.6,202.3
126,126,Aditya Birla Capital Ltd.,,43057.9,178.0,L  2.2%  H  174.6  178.8,L  2.3%  H  172.8  182,L  7.9%  H  157.5  182,L  19.6%  H  139.3  182,L  93.1%  H  85.6  182,L  235.8%  H  52.2  182,L  27.2%  H  37.4  182,L  ;  H  37.4  255,ABCAPITAL,FINANCIAL SERVICES,197.4,215.8,184.4,359.5,184.4,50.486787204450636,17.02819956616053,94.95661605206074,5.4,-8.8,55.4
127,127,ICICI Lombard General Insu...,,61628.1,1254.8,L  3.7%  H  1211.6  1260.0,L  3.2%  H  1195.3  1260.0,L  12.3%  H  1066.3  1272.5,L  18.2%  H  1055  1272.5,L  10.9%  H  1049.1  1369,L  -7.9%  H  1049.1  1675,L  73.7%  H  638.8  1675,L  ;  H  638.7  1675,ICICIGI,FINANCIAL SERVICES,1195.3,1272.5,1066.3,1369.0,1049.1,8.3418553688824,19.337897402232016,30.492803355256903,12.3,10.9,-7.9
128,128,SBI Life Insurance Company...,,128250.5,1281.4,L  3.2%  H  1236.1  1292.0,L  4.0%  H  1227.7  1292.0,L  8.5%  H  1142.6  1292.0,L  20.6%  H  1054  1292.0,L  15.9%  H  1051.6  1340.4,L  67.7%  H  755.3  1340.4,L  90.7%  H  485  1340.4,L  ;  H  485  1340.4,SBILIFE,FINANCIAL SERVICES,1227.7,1292.0,1142.6,1340.4,1051.6,4.401671142942409,13.075441974444256,27.462913655382295,8.5,15.9,67.7
129,129,Escorts Kubota Ltd.,,24082.0,2179.4,L  1.3%  H  2135  2190,L  2.1%  H  2111.9  2196,L  5.4%  H  2032.1  2239,L  14.9%  H  1807.7  2239,L  39.7%  H  1306.7  2358.4,L  127.4%  H  947.1  2358.4,L  137.9%  H  423.6  2358.4,L  2982.6%  H  64  2358.4,ESCORTS,AUTOMOBILE,2111.9,2239.0,2032.1,2358.4,1306.7,7.589891451831754,10.181585551892148,80.48519170429327,5.4,39.7,127.4
130,130,Bandhan Bank Ltd.,,40907.7,254.0,L  2.8%  H  246.1  254.4,L  -1.0%  H  246.1  266.8,L  4.0%  H  234  272,L  24.2%  H  182.2  272,L  -18.1%  H  182.2  314.9,L  -5.2%  H  182.2  430.7,L  -53.8%  H  152.2  741.8,L  ;  H  152.2  741.8,BANDHANBNK,FINANCIAL SERVICES,246.1,272.0,234.0,314.9,182.2,19.339472848523332,16.23931623931625,72.83205268935235,4.0,-18.1,-5.2
131,131,HDFC Life Insurance Compan...,,131033.7,609.6,L  5.4%  H  576.6  615,L  4.8%  H  574  615,L  9.0%  H  552.4  615,L  32.1%  H  458.1  615,L  6.8%  H  457.8  620.6,L  20.5%  H  457.8  775.7,L  29.8%  H  340  775.7,L  ;  H  307  775.7,HDFCLIFE,FINANCIAL SERVICES,574.0,615.0,552.4,620.6,457.8,1.7724782468578781,11.332367849384518,35.561380515508965,9.0,6.8,20.5
132,132,Au Small Finance Bank Ltd.,,51937.2,778.8,L  0.4%  H  773.2  782.7,L  2.2%  H  750.4  782.7,L  6.8%  H  718.8  795,L  33.4%  H  548  795,L  24.7%  H  539  795,L  225.4%  H  231.0  795,L  118.8%  H  183  795,L  ;  H  183  795,AUBANK,FINANCIAL SERVICES,750.4,795.0,718.8,795.0,539.0,2.03773584905661,10.601001669449083,47.49536178107607,6.8,24.7,225.4
133,133,L&T Technology Services Ltd.,,40982.7,3878.5,L  1.1%  H  3841.2  3914.8,L  1.8%  H  3804.5  3960,L  0.8%  H  3744  3996.9,L  11.4%  H  3297.1  3996.9,L  23.0%  H  2924.2  4318.7,L  195.8%  H  1238.8  5955.5,L  189.2%  H  995  5955.5,L  ;  H  712.3  5955.5,LTTS,IT,3804.5,3996.9,3744.0,4318.7,2924.2,10.192882117303814,6.754807692307696,47.68825661719445,0.8,23.0,195.8
134,134,Bajaj Holdings & Investmen...,,76687.9,6890.6,L  -1.4%  H  6850  7022.9,L  2.0%  H  6750  7030,L  3.9%  H  6279.1  7489.0,L  12.7%  H  5770  7489.0,L  44.3%  H  4294.1  7489.0,L  197.3%  H  2212.7  7489.0,L  129.6%  H  1460.2  7489.0,L  764.1%  H  748  7489.0,BAJAJHLDNG,FINANCIAL SERVICES,6750.0,7489.0,6279.1,7489.0,4294.1,7.990385899318997,19.26868500262775,74.40208658391745,3.9,44.3,197.3
135,135,HDFC Asset Management Comp...,,40947.7,1918.2,L  0.4%  H  1901.1  1954.5,L  -0.8%  H  1901.1  1988.9,L  4.2%  H  1740  2010,L  14%  H  1589.5  2010,L  7.5%  H  1589.5  2314.7,L  -24.5%  H  1589.5  3365,L  ;  H  1250  3844,L  ;  H  1250  3844,HDFCAMC,FINANCIAL SERVICES,1901.1,2010.0,1740.0,2314.7,1589.5,17.129649630621667,15.517241379310342,45.62441019188424,4.2,7.5,-24.5
136,136,LTIMindtree Ltd.,,148256.3,5010.6,L  0.8%  H  4952.1  5093,L  3.9%  H  4790.9  5093,L  5.8%  H  4681  5093,L  10.1%  H  4132.2  5093,L  23.4%  H  3833.2  5360,L  167.1%  H  1860  7588.8,L  193.8%  H  1210  7588.8,L  ;  H  598  7588.8,company,N/A,3309.0,3633.1,3051.0,3973.9,2730.0,-26.087722388585522,19.0789904949197,45.56410256410257,9.2,0.4,54.3
137,137,Ipca Laboratories Ltd.,,18656.1,735.4,L  2.0%  H  720.3  737.5,L  1.0%  H  710  748.2,L  6.5%  H  669.8  761.0,L  -5.9%  H  669.8  854.6,L  -15.3%  H  669.8  1034.3,L  -7.8%  H  669.8  1383.1,L  117.8%  H  300.0  1383.1,L  126.2%  H  200  1383.1,IPCALAB,PHARMA,710.0,761.0,669.8,1034.3,669.8,28.898772116407233,13.616004777545543,54.41922962078232,6.5,-15.3,-7.8
138,138,Nestle India Ltd.,,221452.9,22968.6,L  0.0%  H  22877.3  23175.3,L  4.1%  H  22029.2  23175.3,L  5.5%  H  21275  23175.3,L  24.5%  H  18475.0  23175.3,L  36.1%  H  16435  23175.3,L  40.5%  H  15100  23175.3,L  135.8%  H  9047.1  23175.3,L  346.4%  H  4525  23175.3,NESTLEIND,CONSUMER GOODS,22029.2,23175.3,21275.0,23175.3,16435.0,0.8918978395101695,8.93207990599294,41.01186492242166,5.5,36.1,40.5
139,139,Dalmia Bharat Ltd.,,42274.0,2254.9,L  0.0%  H  2243.5  2288.8,L  7.6%  H  2077.1  2288.8,L  8.5%  H  2017.6  2288.8,L  26.3%  H  1771  2288.8,L  80.1%  H  1212.5  2288.8,L  297.4%  H  562.2  2548.4,L  ;  H  402.7  2548.4,L  ;  H  402.7  2548.4,DALBHARAT,CEMENT & CEMENT PRODUCTS,2077.1,2288.8,2017.6,2288.8,1212.5,1.4811254806011975,13.441712926249028,88.76701030927836,8.5,80.1,297.4
140,140,Godrej Properties Ltd.,,42720.6,1536.6,L  -2.1%  H  1525  1580,L  7.5%  H  1431  1589,L  10.6%  H  1286.3  1589,L  39.5%  H  1005  1589,L  28.3%  H  1005  1589,L  87.8%  H  796  2598,L  100.9%  H  460.4  2598,L  454.5%  H  154  2598,GODREJPROP,CONSTRUCTION,1431.0,1589.0,1286.3,1589.0,1005.0,3.297671491504095,23.532612920780526,58.1094527363184,10.6,28.3,87.8
141,141,Fortis Healthcare Ltd.,,23418.8,310.2,L  1.4%  H  303.9  310.9,L  9.2%  H  279.7  310.9,L  12.6%  H  271.9  310.9,L  16.9%  H  245.5  310.9,L  36.1%  H  219.8  325,L  151.0%  H  120.4  325,L  123.3%  H  111.3  325,L  237.7%  H  83.6  325,FORTIS,HEALTHCARE SERVICES,279.7,310.9,271.9,325.0,219.8,4.553846153846153,14.343508642883407,47.8616924476797,12.6,36.1,151.0
142,142,Whirlpool of India Ltd.,,18619.1,1467.6,L  0.2%  H  1461  1493.0,L  3.3%  H  1413  1493.0,L  7.4%  H  1291.6  1493.0,L  9.5%  H  1288  1493.0,L  -0.9%  H  1217.3  1905,L  -28.4%  H  1217.3  2787,L  -4.6%  H  1217.3  2787,L  611.9%  H  124.1  2787,WHIRLPOOL,CONSUMER GOODS,1413.0,1493.0,1291.6,1905.0,1217.3,22.960629921259844,15.59306286776092,56.49387989813521,7.4,-0.9,-28.4
143,143,Varun Beverages Ltd.,,106689.9,821.3,L  -0.7%  H  806  838.8,L  3.2%  H  775.0  862,L  4.4%  H  770.5  873.5,L  25.8%  H  644.8  873.5,L  110.8%  H  360.5  873.5,L  470.4%  H  142  873.5,L  618.3%  H  98.8  873.5,L  ;  H  50.4  873.5,VBL,CONSUMER GOODS,775.0,873.5,770.5,873.5,360.5,5.975958786491131,13.367942894224537,142.3023578363384,4.4,110.8,470.4
144,144,Infosys Ltd.,,536059.6,1291.7,L  0.4%  H  1281.1  1301.5,L  2.0%  H  1273  1306.7,L  2.2%  H  1242.5  1332.7,L  -8.0%  H  1185.3  1442.9,L  -7.6%  H  1185.3  1672.6,L  84.2%  H  692.1  1953.9,L  101.6%  H  509.3  1953.9,L  331.5%  H  292.8  1953.9,INFY,IT,1273.0,1332.7,1242.5,1672.6,1185.3,22.772928374985046,7.259557344064382,41.111954779380746,2.2,-7.6,84.2
145,145,Adani Transmission Ltd.,,90455.3,810.9,L  -0.5%  H  795.7  834.9,L  -2.4%  H  795.7  842,L  -0.2%  H  714.1  934.7,L  -16.7%  H  714.1  1168.3,L  -61.8%  H  631.5  4236.8,L  283.8%  H  209  4236.8,L  443.7%  H  141  4236.8,L  ;  H  25  4236.8,ADANITRANS,POWER,795.7,934.7,714.1,4236.8,631.5,80.86055513595166,30.892031928301368,570.910530482977,-0.2,-61.8,283.8
146,146,Gujarat Gas Ltd.,,32946.4,478.6,L  -1.4%  H  476.3  486.7,L  -0.2%  H  476.3  488.9,L  -1.6%  H  471.3  508.4,L  -3.7%  H  451.8  510,L  12.8%  H  403.6  539.1,L  66.4%  H  281  786,L  191.4%  H  115  786,L  1034.4%  H  31.7  786,GUJGASLTD,OIL & GAS,476.3,508.4,471.3,539.1,403.6,11.222407716564643,7.871843836197745,33.57284440039643,-1.6,12.8,66.4
147,147,Trent Ltd.,,60939.4,1714.3,L  1.7%  H  1680  1719.5,L  7.3%  H  1584.6  1730,L  14.3%  H  1471.6  1730,L  28.3%  H  1288  1730,L  59.0%  H  1009.3  1730,L  228.7%  H  510  1730,L  429.3%  H  294.8  1730,L  1571.5%  H  88.9  1730,TRENT,CONSUMER SERVICES,1584.6,1730.0,1471.6,1730.0,1009.3,0.907514450867053,17.559119325903794,71.40592489844448,14.3,59.0,228.7
148,148,Coforge Ltd.,,28068.9,4594.3,L  0.3%  H  4559.3  4628.9,L  4.2%  H  4380.1  4651.2,L  9.3%  H  4130.8  4651.2,L  19.3%  H  3564.8  4651.2,L  39.4%  H  3210.1  4651.2,L  241.0%  H  1321.5  6135,L  305.5%  H  735.4  6135,L  1641.6%  H  235  6135,COFORGE,IT,4380.1,4651.2,4130.8,4651.2,3210.1,1.22334021327829,12.598043962428584,44.89268247095106,9.3,39.4,241.0
149,149,Polycab India Ltd.,,53556.0,3574.7,L  0.4%  H  3538.2  3587.0,L  0.8%  H  3510.4  3607,L  4.3%  H  3360.2  3618,L  24.2%  H  2753.9  3618,L  67.4%  H  2043.9  3618,L  377.0%  H  741  3618,L  ;  H  525.2  3618,L  ;  H  525.2  3618,POLYCAB,INDUSTRIAL MANUFACTURING,3510.4,3618.0,3360.2,3618.0,2043.9,1.196793808734109,7.672162371287428,77.01453104359312,4.3,67.4,377.0
150,150,Indian Railway Catering & ...,,53200.0,665.0,L  3.4%  H  643.2  670.7,L  3.9%  H  638.6  670.7,L  6.2%  H  604.1  670.7,L  10.2%  H  557.1  670.7,L  10.8%  H  557  774.9,L  135.6%  H  258.0  1279.3,L  ;  H  125  1279.3,L  ;  H  125  1279.3,IRCTC,SERVICES,638.6,670.7,604.1,774.9,557.0,14.182475158084905,11.024664790597583,39.120287253141825,6.2,10.8,135.6
151,151,Dr. Lal Pathlabs Ltd.,,16902.4,2026.5,L  1.6%  H  1992.5  2035,L  3.6%  H  1916.1  2035,L  -0.3%  H  1916.1  2073.6,L  8.5%  H  1762.1  2078,L  0.2%  H  1762.1  2750,L  27.4%  H  1516  4245.5,L  133.6%  H  813.5  4245.5,L  ;  H  696.5  4245.5,LALPATHLAB,HEALTHCARE SERVICES,1916.1,2073.6,1916.1,2750.0,1762.1,26.309090909090905,8.219821512447156,56.0637875262471,-0.3,0.2,27.4
152,152,Adani Total Gas Ltd.,,73824.8,671.3,L  0.3%  H  669.6  682.2,L  0.3%  H  653.1  683,L  -9.1%  H  633.4  823.4,L  -24.4%  H  633.4  1040,L  -71.8%  H  633.4  4000,L  391.4%  H  134.3  4000,L  ;  H  72  4000,L  ;  H  72  4000,ATGL,OIL & GAS,653.1,823.4,633.4,4000.0,633.4,83.2175,29.996842437638136,531.5124723713294,-9.1,-71.8,391.4
153,153,SBI Cards and Payment Serv...,,86382.1,912.9,L  0.0%  H  908  917.4,L  -1.4%  H  908  933,L  4.0%  H  865.5  933,L  25.5%  H  708  933,L  29.0%  H  655.7  1028.7,L  55.9%  H  575.1  1165,L  ;  H  495  1165,L  ;  H  495  1165,SBICARD,FINANCIAL SERVICES,908.0,933.0,865.5,1028.7,655.7,11.25692621755614,7.798960138648181,56.88577093182858,4.0,29.0,55.9
154,154,Tata Chemicals Ltd.,,24735.6,971.0,L  1.3%  H  956  972.8,L  -1.5%  H  953.5  1006,L  -0.6%  H  946.1  1018.0,L  1.3%  H  921.7  1029.9,L  13.7%  H  773.4  1214.9,L  217.7%  H  273.5  1214.9,L  31.3%  H  197  1214.9,L  221.3%  H  197  1214.9,TATACHEM,CHEMICALS,953.5,1018.0,946.1,1214.9,773.4,20.07572639723435,7.59961949054011,57.08559606930439,-0.6,13.7,217.7
155,155,Navin Fluorine Internation...,,23069.4,4653.8,L  0.5%  H  4625.1  4684,L  4.4%  H  4366  4684,L  -0.6%  H  4366  4750,L  13.0%  H  4125  4950,L  31.8%  H  3433.2  4950,L  198.2%  H  1542  4950,L  583.0%  H  570  4950,L  13303.7%  H  25.9  4950,NAVINFLUOR,CHEMICALS,4366.0,4750.0,4366.0,4950.0,3433.2,5.98383838383838,8.795235913879985,44.18035651869976,-0.6,31.8,198.2
156,156,Adani Enterprises Ltd.,,286094.7,2509.6,L  1.0%  H  2487.4  2526.9,L  2.4%  H  2432.6  2527,L  32.8%  H  1857.8  2759.5,L  36.1%  H  1573  2759.5,L  20.5%  H  1017.5  4190,L  1616.6%  H  143.5  4190,L  1794.8%  H  100.9  4190,L  1300.1%  H  58.2  4190,ADANIENT,METALS,2432.6,2759.5,1857.8,4190.0,1017.5,40.105011933174225,48.535902680589956,311.79361179361183,32.8,20.5,1616.6
157,157,Adani Green Energy Ltd.,,154451.1,975.1,L  1.3%  H  963.4  987,L  1.2%  H  946.1  991,L  11.5%  H  818.6  1038.2,L  25.4%  H  775.5  1074.5,L  -43.0%  H  439.1  2572,L  168.3%  H  305.6  3050,L  ;  H  22.8  3050,L  ;  H  22.8  3050,ADANIGREEN,POWER,946.1,1038.2,818.6,2572.0,439.1,62.087869362363925,26.826288785731744,485.7435663857891,11.5,-43.0,168.3
158,158,YES Bank Ltd.,,46871.7,16.3,L  1.2%  H  16  16.5,L  -1.8%  H  16.0  16.7,L  2.5%  H  15.5  17.2,L  9.4%  H  14.5  17.3,L  30.4%  H  12.3  24.8,L  -42.6%  H  10.5  28.5,L  -95.1%  H  5.7  404,L  -83.0%  H  5.7  404,YESBANK,FINANCIAL SERVICES,16.0,17.2,15.5,24.8,12.3,34.2741935483871,10.967741935483865,101.62601626016259,2.5,30.4,-42.6
159,159,Vedanta Ltd.,,104100.2,280.1,L  -0.4%  H  279.1  282.9,L  1.2%  H  276.7  283,L  0.1%  H  275.5  301.0,L  1.8%  H  266  301.0,L  4.7%  H  206  340.8,L  169.7%  H  91.2  440.8,L  17.4%  H  60.2  440.8,L  97.1%  H  58.2  440.8,VEDL,METALS,276.7,301.0,275.5,340.8,206.0,17.811032863849764,9.255898366606164,65.4368932038835,0.1,4.7,169.7
160,160,Tata Elxsi Ltd.,,47580.4,7640.2,L  -1.9%  H  7600  7870,L  -2.3%  H  7600  7940.0,L  7.4%  H  6715  7947,L  24.9%  H  5882.6  7947,L  -4.4%  H  5709.1  10760,L  772.6%  H  863.0  10760,L  485.7%  H  500.0  10760,L  8152.5%  H  78.3  10760,TATAELXSI,IT,7600.0,7947.0,6715.0,10760.0,5709.1,28.994423791821568,18.346984363365593,88.47103746650085,7.4,-4.4,772.6
161,161,Hindustan Aeronautics Ltd.,,128562.0,3844.7,L  3.7%  H  3718.4  3886,L  3.0%  H  3628.1  3886,L  24.2%  H  2979.7  3886,L  41.2%  H  2475.1  3886,L  113.9%  H  1700  3886,L  439.3%  H  658  3886,L  297.0%  H  470  3886,L  ;  H  470  3886,HAL,INDUSTRIAL MANUFACTURING,3628.1,3886.0,2979.7,3886.0,1700.0,1.06278950077201,30.415813672517377,128.58823529411762,24.2,113.9,439.3
162,162,Dixon Technologies (India)...,,27079.6,4546.6,L  -0.7%  H  4461.1  4607.4,L  11.6%  H  3965  4650,L  56.1%  H  2916.1  4650,L  58.5%  H  2754.1  4650,L  35.7%  H  2553  4670,L  328.6%  H  1042.7  6243.6,L  627.9%  H  312  6243.6,L  ;  H  312  6243.6,DIXON,CONSUMER GOODS,3965.0,4650.0,2916.1,4670.0,2553.0,2.642398286937897,59.45955214155894,82.92205248726987,56.1,35.7,328.6
163,163,Laurus Labs Ltd.,,19819.7,368.0,L  0.3%  H  366.8  375.0,L  8.1%  H  325.3  375.0,L  16.8%  H  307  375.0,L  20.3%  H  278.9  375.0,L  -25.3%  H  278.9  605.5,L  266.5%  H  99.4  723.8,L  268.7%  H  59  723.8,L  ;  H  59  723.8,LAURUSLABS,PHARMA,325.3,375.0,307.0,605.5,278.9,39.22378199834847,22.1498371335505,117.10290426676231,16.8,-25.3,266.5
164,164,Deepak Nitrite Ltd.,,29503.2,2163.1,L  1.2%  H  2145.3  2178,L  7.1%  H  2002.1  2179.8,L  12.1%  H  1918.9  2179.8,L  19.5%  H  1762  2179.8,L  17.4%  H  1681.2  2356.6,L  358.5%  H  457.7  3020,L  778.1%  H  205.1  3020,L  8517.9%  H  21.7  3020,DEEPAKNTR,CHEMICALS,2002.1,2179.8,1918.9,2356.6,1681.2,8.21098192310956,13.59633123143469,40.173685462764674,12.1,17.4,358.5
165,165,Larsen & Toubro Ltd.,,332671.0,2366.8,L  0.2%  H  2352.3  2380,L  0.2%  H  2327.1  2380,L  6.3%  H  2168.5  2380,L  8.9%  H  2121  2416.4,L  55.0%  H  1456.4  2416.4,L  164.4%  H  843  2416.4,L  78.0%  H  661  2416.4,L  269.6%  H  451.4  2416.4,LT,CONSTRUCTION,2327.1,2380.0,2168.5,2416.4,1456.4,2.052640291342489,9.753285681346547,65.91595715462783,6.3,55.0,164.4
166,166,Gland Pharma Ltd.,,16619.1,1009.1,L  0.1%  H  1003.1  1027.2,L  5.2%  H  951.2  1065,L  -25.5%  H  861  1379.9,L  -17.1%  H  861  1477.9,L  -62.0%  H  861  2718,L  ;  H  861  4350,L  ;  H  861  4350,L  ;  H  861  4350,GLAND,PHARMA,951.2,1379.9,861.0,2718.0,861.0,62.87343635025754,60.267131242741016,215.6794425087108,-25.5,-62.0,0.0
167,167,Indian Bank,,35115.2,282.0,L  0.5%  H  277  282.5,L  -1.2%  H  275.4  283.8,L  -4.1%  H  268  299.8,L  7.9%  H  258.1  335,L  86.7%  H  140  335,L  418.3%  H  53.1  335,L  -19.7%  H  41.6  379.7,L  116.9%  H  41.6  427.4,INDIANB,FINANCIAL SERVICES,275.4,299.8,268.0,335.0,140.0,15.820895522388057,11.865671641791042,139.28571428571428,-4.1,86.7,418.3
168,168,Tata Communications Ltd.,,46410.8,1628.5,L  -0.1%  H  1625  1660.4,L  10.8%  H  1447.1  1674,L  30.7%  H  1210.8  1674,L  38.3%  H  1169  1674,L  86.1%  H  858  1674,L  181.2%  H  566.7  1674,L  166.7%  H  200  1674,L  764.4%  H  137.2  1674,TATACOMM,TELECOM,1447.1,1674.0,1210.8,1674.0,858.0,2.7180406212664265,38.25569871159564,95.1048951048951,30.7,86.1,181.2
169,169,Astral Ltd.,,52651.9,1960.2,L  -0.5%  H  1955.1  1996,L  -1.4%  H  1947.4  2024.1,L  16.2%  H  1634.3  2024.1,L  46.9%  H  1297.8  2024.1,L  59.9%  H  1186.2  2024.1,L  298.5%  H  485.7  2024.1,L  334.4%  H  367.2  2024.1,L  3721.7%  H  40.5  2024.1,ASTRAL,INDUSTRIAL MANUFACTURING,1947.4,2024.1,1634.3,2024.1,1186.2,3.156958648288122,23.85119011197454,70.63732928679815,16.2,59.9,298.5
170,170,Sona BLW Precision Forging...,,30441.6,520.0,L  1.1%  H  514.1  522.9,L  -2.9%  H  508  537.5,L  -4.2%  H  503  573.5,L  25.7%  H  401.1  574,L  -8.7%  H  398.1  607,L  ;  H  295  839.9,L  ;  H  295  839.9,L  ;  H  295  839.9,SONACOMS,AUTOMOBILE,508.0,573.5,503.0,607.0,398.1,14.332784184514002,14.015904572564608,52.47425270032655,-4.2,-8.7,0.0
171,171,PB Fintech Ltd.,,29403.8,653.3,L  1.3%  H  635  660.2,L  6.0%  H  605.8  675.0,L  4.1%  H  588.1  675.0,L  12.3%  H  566.3  675.0,L  13%  H  356.2  675.0,L  ;  H  356.2  1470,L  ;  H  356.2  1470,L  ;  H  356.2  1470,company,N/A,3309.0,3633.1,3051.0,3973.9,2730.0,83.56023050403886,19.0789904949197,45.56410256410257,9.2,0.4,54.3
172,172,FSN E-Commerce Ventures Ltd.,,41178.5,144.4,L  4.7%  H  138.5  145.5,L  4.0%  H  137.1  145.5,L  13.5%  H  122.2  145.5,L  4.5%  H  114.3  145.5,L  -39.3%  H  114.3  247.8,L  ;  H  114.3  429.0,L  ;  H  114.3  429.0,L  ;  H  114.3  429.0,company,N/A,3309.0,3633.1,3051.0,3973.9,2730.0,96.3662900425275,19.0789904949197,45.56410256410257,9.2,0.4,54.3
173,173,Oracle Financial Services ...,,33470.6,3869.9,L  0.5%  H  3842.2  3973.0,L  9.3%  H  3523.3  3973.0,L  9.0%  H  3500  3973.0,L  20.7%  H  3176.3  3973.0,L  27.9%  H  2883.3  3973.0,L  34.3%  H  2560  5145,L  -5.8%  H  1506  5145,L  45.4%  H  1506  5145,OFSS,IT,3523.3,3973.0,3500.0,3973.0,2883.3,2.5950163604329224,13.514285714285723,37.79350050289598,9.0,27.9,34.3
174,174,Trident Ltd.,,17096.9,33.6,L  1.4%  H  33.1  33.9,L  0.5%  H  33  33.9,L  -4.7%  H  32.0  36.9,L  17.5%  H  25.1  36.9,L  -12.7%  H  25.1  43.8,L  397.0%  H  5.9  70.4,L  438.5%  H  3.1  70.4,L  4314.5%  H  0.6  70.4,TRIDENT,TEXTILES,33.0,36.9,32.0,43.8,25.1,23.287671232876704,15.312499999999996,74.50199203187249,-4.7,-12.7,397.0
175,175,ABB India Ltd.,,91902.6,4336.9,L  0.5%  H  4288  4350,L  4.5%  H  4097.2  4369.4,L  10.9%  H  3809.5  4369.4,L  30.3%  H  3141.2  4369.4,L  93.3%  H  2120  4369.4,L  445.6%  H  781  4369.4,L  257.0%  H  722  4369.4,L  626.3%  H  430  4369.4,ABB,INDUSTRIAL MANUFACTURING,4097.2,4369.4,3809.5,4369.4,2120.0,0.7438092186570211,14.697466859167863,106.10377358490565,10.9,93.3,445.6
176,176,Abbott India Ltd.,,48260.3,22711.5,L  1.2%  H  22420  22750,L  4.2%  H  21680.1  22750,L  7.2%  H  20605.1  22750,L  9.7%  H  20600  23140,L  26.5%  H  17325  23140,L  41.9%  H  13959.8  23934.5,L  248.4%  H  6472.1  23934.5,L  1464.5%  H  1303.1  23934.5,ABBOTINDIA,PHARMA,21680.1,22750.0,20605.1,23140.0,17325.0,1.8517718236819358,10.409558798549877,33.564213564213574,7.2,26.5,41.9
177,177,Zomato Ltd.,,63872.0,74.5,L  -0.9%  H  73.9  76,L  -4.1%  H  73.1  80.3,L  18.2%  H  61.8  80.3,L  40.3%  H  49  80.3,L  10.8%  H  40.6  80.3,L  ;  H  40.6  169,L  ;  H  40.6  169,L  ;  H  40.6  169,company,N/A,3309.0,3633.1,3051.0,3973.9,2730.0,98.12526736958655,19.0789904949197,45.56410256410257,9.2,0.4,54.3
178,178,One97 Communications Ltd.,,56768.5,895.2,L  0.3%  H  873.8  909.9,L  9.9%  H  793.8  909.9,L  23.8%  H  692.9  909.9,L  56.6%  H  556.1  909.9,L  45.8%  H  438.4  909.9,L  ;  H  438.4  1955,L  ;  H  438.4  1955,L  ;  H  438.4  1955,company,N/A,3309.0,3633.1,3051.0,3973.9,2730.0,77.47301139938097,19.0789904949197,45.56410256410257,9.2,0.4,54.3
179,179,Max Healthcare Institute Ltd.,,57741.0,594.4,L  1.6%  H  585.9  600.6,L  4.3%  H  563.0  600.6,L  17.1%  H  508.5  600.6,L  28.0%  H  411.9  600.6,L  69.1%  H  347  600.6,L  ;  H  97.2  600.6,L  ;  H  97.2  600.6,L  ;  H  97.2  600.6,MAXHEALTH,HEALTHCARE SERVICES,563.0,600.6,508.5,600.6,347.0,1.0323010323010418,18.11209439528023,73.08357348703171,17.1,69.1,0.0
180,180,Persistent Systems Ltd.,,37897.2,4958.8,L  -0.5%  H  4931  5005,L  1.5%  H  4839  5085,L  5.1%  H  4684  5279.0,L  10.7%  H  3962.1  5279.0,L  52.6%  H  3092.1  5279.0,L  755.7%  H  572.1  5279.0,L  511.2%  H  420.1  5279.0,L  1856.9%  H  237.7  5279.0,PERSISTENT,IT,4839.0,5279.0,4684.0,5279.0,3092.1,6.0655427164235665,12.702818104184455,70.72539697939912,5.1,52.6,755.7
181,181,Honeywell Automation India...,,37170.1,42040.5,L  0.1%  H  41983.8  42189,L  2.9%  H  40437.2  42200,L  11.1%  H  37240  42200,L  20.9%  H  34416.1  42200,L  27.7%  H  32150  44347.2,L  54.0%  H  26820  49990,L  128.4%  H  18000  49990,L  1606.6%  H  2230  49990,HONAUT,INDUSTRIAL MANUFACTURING,40437.2,42200.0,37240.0,44347.2,32150.0,5.201455785258135,13.319011815252413,37.938413685847586,11.1,27.7,54.0
182,182,Delhivery Ltd.,,28191.5,385.6,L  0.8%  H  380.3  388.3,L  10.2%  H  349.4  399.9,L  5.0%  H  345.2  399.9,L  16.4%  H  314.1  399.9,L  -21.7%  H  291  708,L  ;  H  291  708,L  ;  H  291  708,L  ;  H  291  708,company,N/A,3309.0,3633.1,3051.0,3973.9,2730.0,90.29668587533656,19.0789904949197,45.56410256410257,9.2,0.4,54.3
183,183,Life Insurance Corporation...,,382314.5,604.5,L  1.4%  H  596.4  606.7,L  0.4%  H  595.1  606.7,L  6.5%  H  562.1  615.5,L  5.6%  H  530.1  615.5,L  -9.7%  H  530.1  754.3,L  ;  H  530.1  919.0,L  ;  H  530.1  919.0,L  ;  H  530.1  919.0,company,N/A,3309.0,3633.1,3051.0,3973.9,2730.0,84.78824328745061,19.0789904949197,45.56410256410257,9.2,0.4,54.3
184,184,Motherson Sumi Wiring Indi...,,25509.8,57.7,L  0.4%  H  57.0  58.4,L  -0.9%  H  56.1  59.4,L  4.8%  H  54.5  59.4,L  24.0%  H  45.2  59.4,L  29.3%  H  42.3  71.2,L  ;  H  40  71.2,L  ;  H  40  71.2,L  ;  H  40  71.2,MOTHERSUMI,N/A,56.1,59.4,54.5,71.2,42.3,18.96067415730337,8.99082568807339,68.32151300236409,4.8,29.3,0.0
185,185,Patanjali Foods Ltd.,,41430.3,1144.5,L  2.1%  H  1122.5  1150,L  11.8%  H  1004.6  1150,L  19.5%  H  931.2  1150,L  21.1%  H  853.5  1150,L  14.4%  H  853.5  1495,L  11.3%  H  403.8  1519.7,L  8075%  H  3.4  1519.7,L  1581.9%  H  3.4  1519.7,company,N/A,3309.0,3633.1,3051.0,3973.9,2730.0,71.19957724150079,19.0789904949197,45.56410256410257,9.2,0.4,54.3
186,186,Adani Wilmar Ltd.,,54502.0,419.4,L  -2.7%  H  418  435.7,L  -1.5%  H  418  437.9,L  9.5%  H  366  509,L  -0.3%  H  357.4  509,L  -30.3%  H  327.3  841.7,L  ;  H  227  878,L  ;  H  227  878,L  ;  H  227  878,ADANIENT,METALS,2432.6,2759.5,1857.8,4190.0,1017.5,89.99045346062053,48.535902680589956,311.79361179361183,32.8,20.5,1616.6
187,187,Poonawalla Fincorp Ltd.,,26500.8,345.0,L  1.6%  H  340.8  346.0,L  -0.1%  H  337.5  349.8,L  6.1%  H  321.2  360.9,L  22.6%  H  274.7  360.9,L  51.9%  H  209.2  360.9,L  1595.3%  H  20.5  360.9,L  103.4%  H  12.9  360.9,L  306.8%  H  12.9  360.9,company,N/A,3309.0,3633.1,3051.0,3973.9,2730.0,91.31835224842095,19.0789904949197,45.56410256410257,9.2,0.4,54.3
188,188,Samvardhana Motherson Inte...,,55939.4,82.6,L  0.5%  H  81.9  83.5,L  1.0%  H  81.5  84.9,L  5.3%  H  76.9  84.9,L  20.5%  H  61.8  84.9,L  5.5%  H  61.8  91.7,L  34.8%  H  60.1  181.9,L  -39.7%  H  32.4  181.9,L  218.5%  H  24.4  181.9,company,N/A,3309.0,3633.1,3051.0,3973.9,2730.0,97.92143737889731,19.0789904949197,45.56410256410257,9.2,0.4,54.3
189,189,Tata Teleservices (Maharas...,,15238.7,78.0,L  -1.3%  H  77.3  80,L  -1.7%  H  75.1  83,L  24.7%  H  60.2  84.3,L  32.8%  H  49.7  84.3,L  -34.9%  H  49.7  149,L  2159.4%  H  2.7  290.2,L  1474.7%  H  1.8  290.2,L  1396.2%  H  1.8  290.2,TTML,TELECOM,75.1,84.3,60.2,149.0,49.7,47.651006711409394,40.033222591362104,199.79879275653923,24.7,-34.9,2159.4
190,190,Tube Investments of India ...,,57759.9,2988.7,L  0.3%  H  2935.6  3038,L  4.9%  H  2783.3  3064.4,L  11.5%  H  2650  3064.4,L  12.0%  H  2422  3064.4,L  97.1%  H  1457.6  3064.4,L  659.1%  H  391.6  3064.4,L  1159.2%  H  218.8  3064.4,L  2051.7%  H  123.1  3064.4,TIINDIA,AUTOMOBILE,2783.3,3064.4,2650.0,3064.4,1457.6,2.4703041378410173,15.637735849056611,110.23600439077939,11.5,97.1,659.1
191,191,CG Power and Industrial So...,,57590.7,377.1,L  -0.3%  H  373.6  381.0,L  -0.8%  H  373.6  384.8,L  11.4%  H  332.5  397.8,L  29.7%  H  276.7  397.8,L  127.0%  H  162  397.8,L  5528.4%  H  6.4  397.8,L  570.4%  H  4.8  397.8,L  342.1%  H  4.8  397.8,CGPOWER,INDUSTRIAL MANUFACTURING,373.6,397.8,332.5,397.8,162.0,5.203619909502255,19.6390977443609,145.55555555555557,11.4,127.0,5528.4
192,192,Indian Railway Finance Cor...,,43060.7,33.0,L  0.3%  H  32.8  33.3,L  -0.6%  H  32.8  33.5,L  -1.8%  H  31.2  34.7,L  21.8%  H  25.4  37.4,L  63.1%  H  19.3  37.4,L  ;  H  19.3  37.4,L  ;  H  19.3  37.4,L  ;  H  19.3  37.4,IRCTC,SERVICES,638.6,670.7,604.1,774.9,557.0,95.74138598528843,11.024664790597583,39.120287253141825,6.2,10.8,135.6
193,193,NHPC Ltd.,,45202.7,45.0,L  0.3%  H  44.4  45.5,L  1.1%  H  44.0  46.3,L  1.7%  H  42.6  46.3,L  10.7%  H  38.7  47.9,L  47.1%  H  28.8  47.9,L  123.9%  H  19.7  47.9,L  74.8%  H  15.1  47.9,L  149.3%  H  14.8  47.9,NHPC,POWER,44.0,46.3,42.6,47.9,28.8,6.054279749478075,8.685446009389652,66.31944444444444,1.7,47.1,123.9
194,194,Gujarat Fluorochemicals Ltd.,,34845.0,3172.1,L  -0.2%  H  3156  3218.6,L  0.8%  H  3097  3218.6,L  -3.9%  H  3091.6  3451,L  3.6%  H  2880.1  3451,L  22.5%  H  2380  4174.0,L  777.1%  H  335  4174.0,L  ;  H  217.4  4174.0,L  ;  H  217.4  4174.0,FLUOROCHEM,CHEMICALS,3097.0,3451.0,3091.6,4174.0,2380.0,24.003354096789653,11.62504851856645,75.3781512605042,-3.9,22.5,777.1
195,195,NMDC Ltd.,,31357.5,107.0,L  -0.7%  H  106.8  108.5,L  -0.5%  H  106.8  110.3,L  ;  H  103.8  110.5,L  -5.4%  H  103.8  115.6,L  -0.9%  H  92.3  137.5,L  26.1%  H  75.6  213.2,L  -5.3%  H  61.6  213.2,L  -2.4%  H  61.6  213.2,NMDC,METALS,106.8,110.5,103.8,137.5,92.3,22.18181818181818,6.454720616570331,48.970747562296864,0.0,-0.9,26.1
196,196,Devyani International Ltd.,,23168.7,192.2,L  1.2%  H  190.1  194.5,L  6.3%  H  175.9  199.3,L  5.7%  H  166.2  199.3,L  32.3%  H  134.0  199.3,L  30.8%  H  134.0  215,L  ;  H  107.6  215,L  ;  H  107.6  215,L  ;  H  107.6  215, DEVYANI,N/A,175.9,199.3,166.2,215.0,134.0,10.604651162790702,19.915764139590863,60.44776119402986,5.7,30.8,0.0
197,197,Piramal Enterprises Ltd.,,18671.9,782.4,L  -2.3%  H  772.3  788.7,L  -0.3%  H  772.3  813.7,L  4.6%  H  735.3  813.7,L  13.1%  H  630.5  813.7,L  -52.6%  H  630.5  2084.1,L  -25.0%  H  630.5  3015.0,L  -68.7%  H  606.9  3308.0,L  46.5%  H  470  3308.0,PEL,FINANCIAL SERVICES,772.3,813.7,735.3,2084.1,630.5,62.4586152295955,10.662314701482401,230.54718477398887,4.6,-52.6,-25.0
198,198,Adani Power Ltd.,,102633.1,266.1,L  -1.2%  H  264.8  273,L  -3.7%  H  263.3  277.8,L  12.7%  H  214  286,L  33.9%  H  166.4  286,L  2.6%  H  132.4  432.5,L  627.0%  H  34.4  432.5,L  1342.3%  H  15.2  432.5,L  456.1%  H  15.2  432.5,ADANIPOWER,POWER,263.3,286.0,214.0,432.5,132.4,38.47398843930635,33.64485981308412,226.66163141993957,12.7,2.6,627.0
199,199,Apollo Tyres Ltd.,,26140.8,411.6,L  1.0%  H  408.6  413,L  1.6%  H  403.1  414.6,L  12.5%  H  360.7  414.6,L  33.2%  H  303.5  414.6,L  133.6%  H  167.1  414.6,L  289.0%  H  104.5  414.6,L  53.2%  H  73.4  414.6,L  535.7%  H  54.6  414.6,APOLLOTYRE,AUTOMOBILE,403.1,414.6,360.7,414.6,167.1,0.723589001447178,14.943166065982826,148.11490125673254,12.5,133.6,289.0
